Feature,SHAP_Value,Absolute_Impact
Morgan_Bit_1060,1.0442966,1.0442966
Morgan_Bit_937,0.30102074,0.30102074
Morgan_Bit_1918,0.26827225,0.26827225
Morgan_Bit_1449,0.23707438,0.23707438
Morgan_Bit_1136,0.13537313,0.13537313
Morgan_Bit_1162,0.10742295,0.10742295
Morgan_Bit_1871,0.0784847,0.0784847
Morgan_Bit_29,0.07652858,0.07652858
Morgan_Bit_742,0.07611867,0.07611867
H-Bond Acceptors,0.0537379,0.0537379
Molecular Weight,0.053428117,0.053428117
Morgan_Bit_2026,0.04602833,0.04602833
Rotatable Bonds,0.041293316,0.041293316
Morgan_Bit_314,0.03645816,0.03645816
LogP,0.035923187,0.035923187
Morgan_Bit_1855,-0.033261973,0.033261973
TPSA,0.033052973,0.033052973
Morgan_Bit_1501,0.027110294,0.027110294
Morgan_Bit_216,-0.02578337,0.02578337
Ring Count,0.023230977,0.023230977
Morgan_Bit_634,0.02224963,0.02224963
Morgan_Bit_694,0.018066058,0.018066058
Morgan_Bit_1171,0.017375803,0.017375803
Morgan_Bit_718,0.017179903,0.017179903
Morgan_Bit_1452,0.016533718,0.016533718
Morgan_Bit_1416,0.015727945,0.015727945
Morgan_Bit_1063,0.015707513,0.015707513
Morgan_Bit_1035,0.015423328,0.015423328
Morgan_Bit_474,0.014563608,0.014563608
Morgan_Bit_859,-0.013054057,0.013054057
Morgan_Bit_389,0.012647038,0.012647038
Morgan_Bit_193,0.012597709,0.012597709
Morgan_Bit_679,0.012502594,0.012502594
Morgan_Bit_47,0.012450429,0.012450429
Morgan_Bit_84,0.0123171285,0.0123171285
Morgan_Bit_1129,0.010950949,0.010950949
Morgan_Bit_695,0.010499043,0.010499043
Morgan_Bit_1168,-0.010209965,0.010209965
Morgan_Bit_980,-0.010135639,0.010135639
Morgan_Bit_322,0.009911717,0.009911717
Morgan_Bit_1357,0.009587653,0.009587653
Morgan_Bit_749,0.009548581,0.009548581
Morgan_Bit_1928,-0.009446783,0.009446783
Morgan_Bit_191,0.008865067,0.008865067
Morgan_Bit_674,-0.008718358,0.008718358
Morgan_Bit_1088,0.008556852,0.008556852
Morgan_Bit_294,0.008439713,0.008439713
Morgan_Bit_296,0.008358634,0.008358634
Morgan_Bit_1126,0.008284135,0.008284135
Morgan_Bit_553,0.007822717,0.007822717
Morgan_Bit_59,0.007794188,0.007794188
Morgan_Bit_650,0.0077126585,0.0077126585
Morgan_Bit_94,0.0075065754,0.0075065754
Morgan_Bit_1722,-0.007160837,0.007160837
Morgan_Bit_1238,0.0071481103,0.0071481103
Morgan_Bit_374,-0.0071471664,0.0071471664
Morgan_Bit_1984,-0.006774167,0.006774167
Morgan_Bit_940,-0.0066770553,0.0066770553
Morgan_Bit_1005,0.006640335,0.006640335
Morgan_Bit_1631,0.0065288604,0.0065288604
Morgan_Bit_967,0.0063528856,0.0063528856
Morgan_Bit_393,0.0062495503,0.0062495503
Morgan_Bit_1905,0.00599344,0.00599344
Morgan_Bit_945,-0.005966731,0.005966731
Morgan_Bit_745,0.0058349916,0.0058349916
Morgan_Bit_1701,-0.005665704,0.005665704
Morgan_Bit_147,-0.005634603,0.005634603
Morgan_Bit_584,-0.0054385047,0.0054385047
Morgan_Bit_961,-0.005374392,0.005374392
Morgan_Bit_1468,0.0051982426,0.0051982426
Morgan_Bit_352,0.0050090384,0.0050090384
Morgan_Bit_1181,0.0049594715,0.0049594715
Morgan_Bit_305,0.004944129,0.004944129
Morgan_Bit_162,-0.0048970175,0.0048970175
Morgan_Bit_656,0.0047698836,0.0047698836
Morgan_Bit_831,0.0047567827,0.0047567827
Morgan_Bit_1731,-0.004653643,0.004653643
Morgan_Bit_589,-0.0044609136,0.0044609136
Morgan_Bit_1274,0.004367627,0.004367627
Morgan_Bit_807,0.004152478,0.004152478
Morgan_Bit_728,0.004121025,0.004121025
Morgan_Bit_1097,-0.004060305,0.004060305
Morgan_Bit_83,0.0040587685,0.0040587685
Morgan_Bit_841,0.0039744317,0.0039744317
Morgan_Bit_1019,0.0039604157,0.0039604157
Morgan_Bit_1700,-0.0038374537,0.0038374537
Morgan_Bit_80,-0.0038021088,0.0038021088
Morgan_Bit_630,0.0037570829,0.0037570829
Morgan_Bit_1218,0.003708923,0.003708923
Morgan_Bit_1724,0.003538014,0.003538014
Morgan_Bit_1264,0.0034398574,0.0034398574
Morgan_Bit_732,-0.0034321037,0.0034321037
Morgan_Bit_1160,-0.0034286515,0.0034286515
Morgan_Bit_492,0.0033030105,0.0033030105
Morgan_Bit_1443,-0.0032881738,0.0032881738
Morgan_Bit_1391,-0.0032879834,0.0032879834
Morgan_Bit_736,0.0032849463,0.0032849463
Morgan_Bit_1934,-0.0032648917,0.0032648917
Morgan_Bit_1236,0.0032591198,0.0032591198
Morgan_Bit_102,-0.0032102056,0.0032102056
Morgan_Bit_803,0.0031945815,0.0031945815
Morgan_Bit_1212,-0.003061996,0.003061996
Morgan_Bit_142,-0.0030520677,0.0030520677
Morgan_Bit_345,0.0030128965,0.0030128965
Morgan_Bit_1290,-0.0029935942,0.0029935942
Morgan_Bit_459,0.0029256372,0.0029256372
Morgan_Bit_1750,0.002913912,0.002913912
Morgan_Bit_432,-0.0029015562,0.0029015562
Morgan_Bit_699,-0.0028933575,0.0028933575
Morgan_Bit_378,0.0028378293,0.0028378293
Morgan_Bit_255,0.0027540154,0.0027540154
Morgan_Bit_254,0.0026820542,0.0026820542
Morgan_Bit_25,0.0026630778,0.0026630778
Morgan_Bit_107,0.0026586354,0.0026586354
Morgan_Bit_1535,-0.0025692882,0.0025692882
Morgan_Bit_1107,0.0025577964,0.0025577964
Morgan_Bit_1028,0.0025538306,0.0025538306
Morgan_Bit_2004,-0.0025092955,0.0025092955
Morgan_Bit_384,0.0024559312,0.0024559312
Morgan_Bit_1602,-0.0024465797,0.0024465797
Morgan_Bit_1564,0.0024018683,0.0024018683
Morgan_Bit_2041,-0.0023660217,0.0023660217
Morgan_Bit_1917,0.0022744178,0.0022744178
Morgan_Bit_524,-0.0022669644,0.0022669644
Morgan_Bit_51,-0.0022549962,0.0022549962
Morgan_Bit_2028,0.0022511021,0.0022511021
Morgan_Bit_957,-0.0021773535,0.0021773535
Morgan_Bit_319,-0.0021650125,0.0021650125
Morgan_Bit_9,0.0021221137,0.0021221137
Morgan_Bit_231,0.0020736603,0.0020736603
Morgan_Bit_1994,0.0020710742,0.0020710742
Morgan_Bit_1542,-0.0020683468,0.0020683468
Morgan_Bit_1932,0.0020550652,0.0020550652
Morgan_Bit_75,0.002005404,0.002005404
Morgan_Bit_479,0.0019973002,0.0019973002
Morgan_Bit_926,0.0018994089,0.0018994089
Morgan_Bit_818,-0.0018954169,0.0018954169
Morgan_Bit_964,-0.0018950592,0.0018950592
Morgan_Bit_866,-0.0018489563,0.0018489563
Morgan_Bit_1774,-0.0018291628,0.0018291628
Morgan_Bit_1199,0.0018284795,0.0018284795
Morgan_Bit_1329,-0.0018210215,0.0018210215
Morgan_Bit_865,0.0018103864,0.0018103864
Morgan_Bit_1518,0.001796435,0.001796435
Morgan_Bit_1499,-0.0017871656,0.0017871656
Morgan_Bit_716,-0.0017846298,0.0017846298
Morgan_Bit_1085,-0.0017726583,0.0017726583
Morgan_Bit_1799,0.0017356479,0.0017356479
Morgan_Bit_798,0.001735138,0.001735138
Morgan_Bit_155,-0.0017308728,0.0017308728
Morgan_Bit_785,-0.001710362,0.001710362
Morgan_Bit_92,0.0017032378,0.0017032378
Morgan_Bit_502,0.0016931265,0.0016931265
Morgan_Bit_1034,-0.0016921682,0.0016921682
Morgan_Bit_385,0.0016502098,0.0016502098
Morgan_Bit_291,-0.0016246988,0.0016246988
Morgan_Bit_2042,0.0016215506,0.0016215506
Morgan_Bit_1512,0.0016163979,0.0016163979
Morgan_Bit_1844,0.0015883436,0.0015883436
Morgan_Bit_579,0.0015830386,0.0015830386
Morgan_Bit_1753,0.0015809499,0.0015809499
Morgan_Bit_1777,0.0015529727,0.0015529727
Morgan_Bit_1638,0.0015460781,0.0015460781
Morgan_Bit_217,0.0015264133,0.0015264133
Morgan_Bit_671,0.0015260589,0.0015260589
Morgan_Bit_1347,0.0015208077,0.0015208077
Morgan_Bit_242,-0.00148554,0.00148554
Morgan_Bit_186,0.001471353,0.001471353
Morgan_Bit_328,-0.0014624347,0.0014624347
Morgan_Bit_1241,-0.0014597645,0.0014597645
Morgan_Bit_978,0.0014490115,0.0014490115
Morgan_Bit_249,-0.0014484281,0.0014484281
Morgan_Bit_430,-0.0014409227,0.0014409227
Morgan_Bit_1070,-0.001438684,0.001438684
Morgan_Bit_1430,-0.0014267424,0.0014267424
Morgan_Bit_1582,-0.0014262272,0.0014262272
Morgan_Bit_1998,-0.0014168788,0.0014168788
Morgan_Bit_1445,-0.0013993814,0.0013993814
Morgan_Bit_1683,-0.0013948488,0.0013948488
Morgan_Bit_847,-0.0013830403,0.0013830403
Morgan_Bit_1459,0.0013818257,0.0013818257
Morgan_Bit_1925,-0.0013802642,0.0013802642
Morgan_Bit_1453,0.0013714696,0.0013714696
Morgan_Bit_667,0.0013695773,0.0013695773
Morgan_Bit_1152,-0.0013688384,0.0013688384
Morgan_Bit_590,0.0013593874,0.0013593874
Morgan_Bit_350,-0.0013415042,0.0013415042
Morgan_Bit_261,0.0013289914,0.0013289914
Morgan_Bit_896,0.0013282028,0.0013282028
Morgan_Bit_1940,0.0013280404,0.0013280404
Morgan_Bit_1120,0.0013092661,0.0013092661
Morgan_Bit_1975,0.0013033521,0.0013033521
Morgan_Bit_614,0.0012965578,0.0012965578
Morgan_Bit_1366,-0.0012842288,0.0012842288
Morgan_Bit_921,0.0012712074,0.0012712074
Morgan_Bit_648,-0.0012458749,0.0012458749
Morgan_Bit_712,-0.0012398114,0.0012398114
Morgan_Bit_984,0.001228733,0.001228733
Morgan_Bit_1810,-0.0012178605,0.0012178605
Morgan_Bit_469,-0.0012153594,0.0012153594
Morgan_Bit_361,0.0012105338,0.0012105338
Morgan_Bit_1642,-0.0011831633,0.0011831633
Morgan_Bit_1069,0.0011831581,0.0011831581
Morgan_Bit_176,0.0011720918,0.0011720918
Morgan_Bit_1792,0.0011398232,0.0011398232
Morgan_Bit_816,-0.0011114682,0.0011114682
Morgan_Bit_362,0.0011102315,0.0011102315
Morgan_Bit_1778,0.0011092992,0.0011092992
Morgan_Bit_1823,0.0011028859,0.0011028859
Morgan_Bit_1308,0.0010840704,0.0010840704
Morgan_Bit_1609,0.0010773051,0.0010773051
Morgan_Bit_140,0.0010745244,0.0010745244
Morgan_Bit_1734,0.0010535246,0.0010535246
Morgan_Bit_281,-0.0010424387,0.0010424387
Morgan_Bit_561,-0.0010374313,0.0010374313
Morgan_Bit_1007,-0.0010155838,0.0010155838
Morgan_Bit_1302,0.0010151826,0.0010151826
Morgan_Bit_1840,0.0010139598,0.0010139598
Morgan_Bit_914,0.0009937324,0.0009937324
Morgan_Bit_213,0.0009901837,0.0009901837
Morgan_Bit_456,0.0009800536,0.0009800536
Morgan_Bit_127,-0.0009799738,0.0009799738
Morgan_Bit_379,-0.0009792295,0.0009792295
Morgan_Bit_1881,-0.0009721984,0.0009721984
Morgan_Bit_1,0.0009476271,0.0009476271
Morgan_Bit_283,0.0009425421,0.0009425421
Morgan_Bit_1325,-0.00094057166,0.00094057166
Morgan_Bit_1524,0.00093453727,0.00093453727
Morgan_Bit_772,-0.0009328825,0.0009328825
Morgan_Bit_31,0.0009247179,0.0009247179
Morgan_Bit_675,-0.0008967213,0.0008967213
Morgan_Bit_1475,-0.00088825286,0.00088825286
Morgan_Bit_114,0.0008819889,0.0008819889
Morgan_Bit_132,0.00088035694,0.00088035694
Morgan_Bit_1017,0.00087652897,0.00087652897
Morgan_Bit_26,0.0008741773,0.0008741773
Morgan_Bit_881,-0.00087390793,0.00087390793
Morgan_Bit_1128,0.0008656905,0.0008656905
Morgan_Bit_408,-0.000859105,0.000859105
Morgan_Bit_1157,0.0008556041,0.0008556041
Morgan_Bit_1816,-0.00084972964,0.00084972964
Morgan_Bit_45,-0.00084634067,0.00084634067
Morgan_Bit_1092,-0.000835685,0.000835685
Morgan_Bit_1057,-0.00082547835,0.00082547835
Morgan_Bit_781,-0.00082415534,0.00082415534
Morgan_Bit_440,-0.00081427826,0.00081427826
Morgan_Bit_837,-0.0008122138,0.0008122138
Morgan_Bit_1964,-0.000790302,0.000790302
Morgan_Bit_495,0.00079014554,0.00079014554
Morgan_Bit_1658,0.0007859212,0.0007859212
Morgan_Bit_1352,-0.00078437955,0.00078437955
Morgan_Bit_195,-0.00078040746,0.00078040746
Morgan_Bit_623,0.0007738819,0.0007738819
Morgan_Bit_1747,0.000772408,0.000772408
Morgan_Bit_437,-0.0007698429,0.0007698429
Morgan_Bit_351,-0.0007684665,0.0007684665
Morgan_Bit_211,0.0007673969,0.0007673969
Morgan_Bit_233,0.0007596052,0.0007596052
Morgan_Bit_622,-0.0007592909,0.0007592909
Morgan_Bit_932,0.0007577399,0.0007577399
Morgan_Bit_532,0.0007489511,0.0007489511
Morgan_Bit_2014,-0.00074395095,0.00074395095
Morgan_Bit_1154,0.00074058585,0.00074058585
Morgan_Bit_1669,-0.00074041926,0.00074041926
Morgan_Bit_1498,-0.00073810085,0.00073810085
Morgan_Bit_32,-0.00073607004,0.00073607004
Morgan_Bit_1704,0.0007353719,0.0007353719
Morgan_Bit_441,0.00073386787,0.00073386787
Morgan_Bit_286,-0.0007330905,0.0007330905
Morgan_Bit_1641,-0.0007300285,0.0007300285
Morgan_Bit_676,0.00072844484,0.00072844484
Morgan_Bit_1781,0.0007185447,0.0007185447
Morgan_Bit_425,0.0007179241,0.0007179241
Morgan_Bit_396,0.0007171154,0.0007171154
Morgan_Bit_909,-0.00071173965,0.00071173965
Morgan_Bit_241,-0.00071106665,0.00071106665
Morgan_Bit_154,-0.0006952012,0.0006952012
Morgan_Bit_22,-0.0006923552,0.0006923552
Morgan_Bit_1615,-0.0006883295,0.0006883295
Morgan_Bit_1607,-0.0006833854,0.0006833854
Morgan_Bit_1440,-0.000680988,0.000680988
Morgan_Bit_55,-0.0006673826,0.0006673826
Morgan_Bit_2033,-0.0006667112,0.0006667112
Morgan_Bit_885,0.0006642395,0.0006642395
Morgan_Bit_308,0.0006608854,0.0006608854
Morgan_Bit_750,-0.0006564399,0.0006564399
Morgan_Bit_1754,0.0006518187,0.0006518187
Morgan_Bit_245,-0.0006491907,0.0006491907
Morgan_Bit_309,-0.0006434008,0.0006434008
Morgan_Bit_1245,0.00063018204,0.00063018204
Morgan_Bit_888,0.00062580424,0.00062580424
Morgan_Bit_1552,0.000618883,0.000618883
Morgan_Bit_1234,-0.00061397965,0.00061397965
Morgan_Bit_715,-0.0006123679,0.0006123679
Morgan_Bit_464,-0.0006061991,0.0006061991
Morgan_Bit_1665,0.00059907854,0.00059907854
Morgan_Bit_54,0.0005928618,0.0005928618
Morgan_Bit_843,0.00058178755,0.00058178755
Morgan_Bit_1024,-0.0005800664,0.0005800664
Morgan_Bit_1101,-0.00057961815,0.00057961815
Morgan_Bit_602,0.00057364034,0.00057364034
Morgan_Bit_1586,0.0005668264,0.0005668264
Morgan_Bit_2018,-0.0005667446,0.0005667446
Morgan_Bit_1138,-0.0005659946,0.0005659946
Morgan_Bit_44,-0.0005637663,0.0005637663
Morgan_Bit_1365,0.0005620607,0.0005620607
Morgan_Bit_568,0.0005601991,0.0005601991
Morgan_Bit_251,-0.00055339513,0.00055339513
Morgan_Bit_95,0.0005530276,0.0005530276
Morgan_Bit_1573,0.0005527213,0.0005527213
Morgan_Bit_934,0.0005514127,0.0005514127
H-Bond Donors,0.0005429335,0.0005429335
Morgan_Bit_563,-0.00053981954,0.00053981954
Morgan_Bit_795,0.0005363022,0.0005363022
Morgan_Bit_2030,0.0005224093,0.0005224093
Morgan_Bit_1399,-0.00051922,0.00051922
Morgan_Bit_2000,-0.00051748473,0.00051748473
Morgan_Bit_354,0.0005156955,0.0005156955
Morgan_Bit_1446,0.00051337795,0.00051337795
Morgan_Bit_164,0.00051175704,0.00051175704
Morgan_Bit_167,-0.0005102866,0.0005102866
Morgan_Bit_153,-0.0005041333,0.0005041333
Morgan_Bit_1761,0.00050397747,0.00050397747
Morgan_Bit_930,0.00049595325,0.00049595325
Morgan_Bit_670,-0.0004948133,0.0004948133
Morgan_Bit_1714,0.0004904168,0.0004904168
Morgan_Bit_4,0.00048581275,0.00048581275
Morgan_Bit_1738,-0.00048458035,0.00048458035
Morgan_Bit_838,0.00048290778,0.00048290778
Morgan_Bit_278,0.0004792423,0.0004792423
Morgan_Bit_557,-0.00047731216,0.00047731216
Morgan_Bit_598,0.0004768049,0.0004768049
Morgan_Bit_1600,0.00047457236,0.00047457236
Morgan_Bit_315,-0.00047268363,0.00047268363
Morgan_Bit_552,0.00046901478,0.00046901478
Morgan_Bit_1970,-0.00046442487,0.00046442487
Morgan_Bit_287,0.00046362524,0.00046362524
Morgan_Bit_933,0.00046280515,0.00046280515
Morgan_Bit_237,0.00046144094,0.00046144094
Morgan_Bit_235,0.00045518854,0.00045518854
Morgan_Bit_6,0.0004549488,0.0004549488
Morgan_Bit_714,0.00045111388,0.00045111388
Morgan_Bit_998,-0.0004508181,0.0004508181
Morgan_Bit_692,0.00045043387,0.00045043387
Morgan_Bit_1031,0.0004451461,0.0004451461
Morgan_Bit_69,0.00044476805,0.00044476805
Morgan_Bit_754,0.0004441718,0.0004441718
Morgan_Bit_1276,-0.00044399287,0.00044399287
Morgan_Bit_806,0.00044325914,0.00044325914
Morgan_Bit_204,-0.0004358864,0.0004358864
Morgan_Bit_1008,0.0004318015,0.0004318015
Morgan_Bit_1828,-0.0004308685,0.0004308685
Morgan_Bit_580,0.00043012935,0.00043012935
Morgan_Bit_289,-0.00041576123,0.00041576123
Morgan_Bit_1668,0.0004116925,0.0004116925
Morgan_Bit_1282,0.0004070055,0.0004070055
Morgan_Bit_1546,0.00040696163,0.00040696163
Morgan_Bit_2006,0.0004066418,0.0004066418
Morgan_Bit_1260,0.00040516723,0.00040516723
Morgan_Bit_1232,0.00040147995,0.00040147995
Morgan_Bit_1626,0.00039708617,0.00039708617
Morgan_Bit_70,0.00039674423,0.00039674423
Morgan_Bit_724,0.00039423656,0.00039423656
Morgan_Bit_79,-0.00039139573,0.00039139573
Morgan_Bit_491,0.00038571344,0.00038571344
Morgan_Bit_30,-0.00038544074,0.00038544074
Morgan_Bit_1359,-0.0003817176,0.0003817176
Morgan_Bit_2038,-0.00037790678,0.00037790678
Morgan_Bit_1155,0.0003767511,0.0003767511
Morgan_Bit_912,-0.00037551654,0.00037551654
Morgan_Bit_1457,-0.00037449435,0.00037449435
Morgan_Bit_1656,0.00036742346,0.00036742346
Morgan_Bit_1610,0.00036450435,0.00036450435
Morgan_Bit_899,0.00036187185,0.00036187185
Morgan_Bit_1589,0.00036053173,0.00036053173
Morgan_Bit_775,-0.00036041753,0.00036041753
Morgan_Bit_919,-0.00035410936,0.00035410936
Morgan_Bit_275,-0.0003537171,0.0003537171
Morgan_Bit_1793,0.0003481663,0.0003481663
Morgan_Bit_790,-0.00034774558,0.00034774558
Morgan_Bit_1252,-0.00034206678,0.00034206678
Morgan_Bit_327,0.00033702338,0.00033702338
Morgan_Bit_1879,0.0003307503,0.0003307503
Morgan_Bit_551,-0.0003296136,0.0003296136
Morgan_Bit_165,-0.00032958778,0.00032958778
Morgan_Bit_383,-0.00032940207,0.00032940207
Morgan_Bit_755,-0.00032789572,0.00032789572
Morgan_Bit_232,0.00032557204,0.00032557204
Morgan_Bit_774,-0.0003239897,0.0003239897
Morgan_Bit_203,0.00031978975,0.00031978975
Morgan_Bit_904,0.000319282,0.000319282
Morgan_Bit_1269,0.0003191085,0.0003191085
Morgan_Bit_1382,0.0003166232,0.0003166232
Morgan_Bit_1073,0.00030579598,0.00030579598
Morgan_Bit_558,0.0003031356,0.0003031356
Morgan_Bit_761,-0.00030253376,0.00030253376
Morgan_Bit_119,-0.00030234348,0.00030234348
Morgan_Bit_1015,-0.0002989694,0.0002989694
Morgan_Bit_265,0.00029812963,0.00029812963
Morgan_Bit_766,0.00029471904,0.00029471904
Morgan_Bit_257,-0.00029363242,0.00029363242
Morgan_Bit_121,-0.00029240246,0.00029240246
Morgan_Bit_1978,0.00029224806,0.00029224806
Morgan_Bit_1058,-0.0002918595,0.0002918595
Morgan_Bit_1985,-0.00029112652,0.00029112652
Morgan_Bit_1673,0.00028926146,0.00028926146
Morgan_Bit_1536,-0.00028687558,0.00028687558
Morgan_Bit_1845,-0.0002861648,0.0002861648
Morgan_Bit_1405,0.00028614176,0.00028614176
Morgan_Bit_1201,0.00028136733,0.00028136733
Morgan_Bit_1517,0.00027608787,0.00027608787
Morgan_Bit_270,0.0002745912,0.0002745912
Morgan_Bit_1763,-0.00027363366,0.00027363366
Morgan_Bit_1670,-0.00026678963,0.00026678963
Morgan_Bit_152,0.0002642811,0.0002642811
Morgan_Bit_1955,0.00026331007,0.00026331007
Morgan_Bit_1304,-0.0002625299,0.0002625299
Morgan_Bit_546,-0.00025864603,0.00025864603
Morgan_Bit_1203,0.00025805813,0.00025805813
Morgan_Bit_1783,-0.00025286994,0.00025286994
Morgan_Bit_297,0.0002520959,0.0002520959
Morgan_Bit_1630,-0.00024958697,0.00024958697
Morgan_Bit_1954,-0.00024813038,0.00024813038
Morgan_Bit_770,-0.00024770733,0.00024770733
Morgan_Bit_239,-0.00024634477,0.00024634477
Morgan_Bit_366,-0.00024604888,0.00024604888
Morgan_Bit_1695,-0.00024287737,0.00024287737
Morgan_Bit_1773,-0.00024206213,0.00024206213
Morgan_Bit_93,-0.0002406021,0.0002406021
Morgan_Bit_586,-0.00024040134,0.00024040134
Morgan_Bit_604,-0.0002399828,0.0002399828
Morgan_Bit_1706,0.0002394586,0.0002394586
Morgan_Bit_36,0.00023933407,0.00023933407
Morgan_Bit_409,0.00023602719,0.00023602719
Morgan_Bit_1483,-0.00023551345,0.00023551345
Morgan_Bit_1543,0.00023404353,0.00023404353
Morgan_Bit_1482,-0.00023288798,0.00023288798
Morgan_Bit_592,-0.00023217694,0.00023217694
Morgan_Bit_1897,0.00023112177,0.00023112177
Morgan_Bit_1842,-0.00023107642,0.00023107642
Morgan_Bit_1742,-0.00022897235,0.00022897235
Morgan_Bit_1944,-0.00022805431,0.00022805431
Morgan_Bit_1417,0.00022605687,0.00022605687
Morgan_Bit_207,0.00022540842,0.00022540842
Morgan_Bit_514,0.00022472133,0.00022472133
Morgan_Bit_767,0.00022441993,0.00022441993
Morgan_Bit_457,0.00022412589,0.00022412589
Morgan_Bit_1463,0.00022391605,0.00022391605
Morgan_Bit_1099,-0.00022390834,0.00022390834
Morgan_Bit_726,0.00022251734,0.00022251734
Morgan_Bit_1410,0.00022118192,0.00022118192
Morgan_Bit_110,0.0002206729,0.0002206729
Morgan_Bit_606,0.00022060549,0.00022060549
Morgan_Bit_1530,0.00021615464,0.00021615464
Morgan_Bit_338,0.00021059664,0.00021059664
Morgan_Bit_1195,-0.00020905756,0.00020905756
Morgan_Bit_1476,-0.00020899,0.00020899
Morgan_Bit_711,0.00020862496,0.00020862496
Morgan_Bit_41,-0.00020773322,0.00020773322
Morgan_Bit_1775,-0.00020772972,0.00020772972
Morgan_Bit_1480,0.00020603478,0.00020603478
Morgan_Bit_115,0.00020490903,0.00020490903
Morgan_Bit_209,-0.00020390071,0.00020390071
Morgan_Bit_562,0.00020330888,0.00020330888
Morgan_Bit_262,0.00020248137,0.00020248137
Morgan_Bit_1409,-0.00020196309,0.00020196309
Morgan_Bit_605,0.00019904839,0.00019904839
Morgan_Bit_1862,0.0001979617,0.0001979617
Morgan_Bit_1910,0.00019686931,0.00019686931
Morgan_Bit_64,-0.00019664603,0.00019664603
Morgan_Bit_451,-0.00019627283,0.00019627283
Morgan_Bit_737,-0.00019312302,0.00019312302
Morgan_Bit_1697,0.00019268025,0.00019268025
Morgan_Bit_101,0.0001922026,0.0001922026
Morgan_Bit_1224,-0.00019206264,0.00019206264
Morgan_Bit_823,0.00019038537,0.00019038537
Morgan_Bit_422,0.00018974955,0.00018974955
Morgan_Bit_1760,-0.00018731844,0.00018731844
Morgan_Bit_118,0.00018722643,0.00018722643
Morgan_Bit_892,0.00018668183,0.00018668183
Morgan_Bit_651,-0.00018618954,0.00018618954
Morgan_Bit_708,-0.00018442389,0.00018442389
Morgan_Bit_591,-0.00018416737,0.00018416737
Morgan_Bit_472,0.00018314327,0.00018314327
Morgan_Bit_226,0.00018068259,0.00018068259
Morgan_Bit_704,0.00017523956,0.00017523956
Morgan_Bit_1183,0.00017323054,0.00017323054
Morgan_Bit_1379,-0.00017084967,0.00017084967
Morgan_Bit_74,0.00016639703,0.00016639703
Morgan_Bit_2005,-0.00016531645,0.00016531645
Morgan_Bit_2021,-0.00016426657,0.00016426657
Morgan_Bit_577,0.00016379736,0.00016379736
Morgan_Bit_1796,-0.00016066154,0.00016066154
Morgan_Bit_236,0.00016008821,0.00016008821
Morgan_Bit_861,0.00015972482,0.00015972482
Morgan_Bit_832,-0.00015913794,0.00015913794
Morgan_Bit_855,-0.00015896015,0.00015896015
Morgan_Bit_50,-0.00015876489,0.00015876489
Morgan_Bit_1776,0.00015841142,0.00015841142
Morgan_Bit_1418,0.00015839814,0.00015839814
Morgan_Bit_21,-0.00015803248,0.00015803248
Morgan_Bit_1611,0.0001580151,0.0001580151
Morgan_Bit_1362,0.00015764553,0.00015764553
Morgan_Bit_173,-0.00015612732,0.00015612732
Morgan_Bit_1053,0.00015602057,0.00015602057
Morgan_Bit_1313,0.00015397322,0.00015397322
Morgan_Bit_677,0.00015221513,0.00015221513
Morgan_Bit_333,0.00015140395,0.00015140395
Morgan_Bit_1739,-0.00014867989,0.00014867989
Morgan_Bit_1950,0.00014856867,0.00014856867
Morgan_Bit_596,-0.00014451871,0.00014451871
Morgan_Bit_1831,0.00014124422,0.00014124422
Morgan_Bit_11,-0.00014024504,0.00014024504
Morgan_Bit_310,0.00013870967,0.00013870967
Morgan_Bit_485,0.00013759709,0.00013759709
Morgan_Bit_1163,-0.00013749162,0.00013749162
Morgan_Bit_212,0.0001370728,0.0001370728
Morgan_Bit_28,0.00013622988,0.00013622988
Morgan_Bit_1487,0.00013621215,0.00013621215
Morgan_Bit_78,-0.00013495488,0.00013495488
Morgan_Bit_1039,-0.00013402764,0.00013402764
Morgan_Bit_802,-0.0001322722,0.0001322722
Morgan_Bit_990,0.00013154047,0.00013154047
Morgan_Bit_689,0.00013096278,0.00013096278
Morgan_Bit_1570,0.00012935145,0.00012935145
Morgan_Bit_1516,0.00012914438,0.00012914438
Morgan_Bit_90,-0.00012910948,0.00012910948
Morgan_Bit_1693,-0.00012826057,0.00012826057
Morgan_Bit_1114,-0.00012804246,0.00012804246
Morgan_Bit_488,-0.00012718445,0.00012718445
Morgan_Bit_371,-0.00012289954,0.00012289954
Morgan_Bit_1995,0.000121934674,0.000121934674
Morgan_Bit_1089,0.00012175451,0.00012175451
Morgan_Bit_392,-0.00012005429,0.00012005429
Morgan_Bit_1033,-0.00011860637,0.00011860637
Morgan_Bit_856,0.00011763165,0.00011763165
Morgan_Bit_145,-0.00011756265,0.00011756265
Morgan_Bit_1314,0.00011753877,0.00011753877
Morgan_Bit_1415,0.00011700018,0.00011700018
Morgan_Bit_974,0.00011675964,0.00011675964
Morgan_Bit_356,-0.0001158581,0.0001158581
Morgan_Bit_1309,0.00011558291,0.00011558291
Morgan_Bit_406,-0.00011548608,0.00011548608
Morgan_Bit_400,-0.00011516827,0.00011516827
Morgan_Bit_769,-0.00011361409,0.00011361409
Morgan_Bit_786,-0.00011315296,0.00011315296
Morgan_Bit_141,-0.00011303473,0.00011303473
Morgan_Bit_638,-0.00011217355,0.00011217355
Morgan_Bit_1924,0.00011148969,0.00011148969
Morgan_Bit_2007,-0.000110193185,0.000110193185
Morgan_Bit_62,-0.00010995293,0.00010995293
Morgan_Bit_446,0.00010988788,0.00010988788
Morgan_Bit_1808,-0.00010851441,0.00010851441
Morgan_Bit_43,0.000108049644,0.000108049644
Morgan_Bit_810,0.00010764599,0.00010764599
Morgan_Bit_27,0.00010757845,0.00010757845
Morgan_Bit_480,-0.00010732473,0.00010732473
Morgan_Bit_1002,-0.0001069771,0.0001069771
Morgan_Bit_448,0.00010692921,0.00010692921
Morgan_Bit_1426,0.00010665305,0.00010665305
Morgan_Bit_1971,0.000106022846,0.000106022846
Morgan_Bit_5,-0.00010576434,0.00010576434
Morgan_Bit_908,-0.00010500863,0.00010500863
Morgan_Bit_1603,0.00010493456,0.00010493456
Morgan_Bit_527,0.00010371391,0.00010371391
Morgan_Bit_8,0.00010276456,0.00010276456
Morgan_Bit_202,-0.00010100771,0.00010100771
Morgan_Bit_276,0.00010070301,0.00010070301
Morgan_Bit_1624,-9.989647e-05,9.989647e-05
Morgan_Bit_58,-9.935026e-05,9.935026e-05
Morgan_Bit_302,9.9272365e-05,9.9272365e-05
Morgan_Bit_360,-9.8441524e-05,9.8441524e-05
Morgan_Bit_1696,9.836938e-05,9.836938e-05
Morgan_Bit_1220,-9.7882155e-05,9.7882155e-05
Morgan_Bit_96,-9.6316355e-05,9.6316355e-05
Morgan_Bit_1886,-9.630527e-05,9.630527e-05
Morgan_Bit_1045,-9.1705995e-05,9.1705995e-05
Morgan_Bit_1102,-8.965615e-05,8.965615e-05
Morgan_Bit_624,8.926965e-05,8.926965e-05
Morgan_Bit_1681,-8.8898814e-05,8.8898814e-05
Morgan_Bit_1569,-8.869863e-05,8.869863e-05
Morgan_Bit_570,-8.869621e-05,8.869621e-05
Morgan_Bit_415,8.8685556e-05,8.8685556e-05
Morgan_Bit_244,-8.844682e-05,8.844682e-05
Morgan_Bit_1866,-8.793293e-05,8.793293e-05
Morgan_Bit_13,-8.784873e-05,8.784873e-05
Morgan_Bit_544,8.781599e-05,8.781599e-05
Morgan_Bit_950,8.723556e-05,8.723556e-05
Morgan_Bit_1597,-8.6257845e-05,8.6257845e-05
Morgan_Bit_548,8.578102e-05,8.578102e-05
Morgan_Bit_2,-8.5399166e-05,8.5399166e-05
Morgan_Bit_1243,8.467649e-05,8.467649e-05
Morgan_Bit_200,8.391707e-05,8.391707e-05
Morgan_Bit_678,-8.385519e-05,8.385519e-05
Morgan_Bit_787,8.345132e-05,8.345132e-05
Morgan_Bit_1439,-8.3338644e-05,8.3338644e-05
Morgan_Bit_680,8.320564e-05,8.320564e-05
Morgan_Bit_1605,-8.0528494e-05,8.0528494e-05
Morgan_Bit_1172,-7.9515536e-05,7.9515536e-05
Morgan_Bit_1585,7.923077e-05,7.923077e-05
Morgan_Bit_504,7.86958e-05,7.86958e-05
Morgan_Bit_1635,-7.859721e-05,7.859721e-05
Morgan_Bit_655,-7.83243e-05,7.83243e-05
Morgan_Bit_942,-7.826169e-05,7.826169e-05
Morgan_Bit_113,-7.825337e-05,7.825337e-05
Morgan_Bit_858,-7.823723e-05,7.823723e-05
Morgan_Bit_53,7.823053e-05,7.823053e-05
Morgan_Bit_14,7.8067314e-05,7.8067314e-05
Morgan_Bit_1029,-7.7821554e-05,7.7821554e-05
Morgan_Bit_172,7.690469e-05,7.690469e-05
Morgan_Bit_3,7.6571545e-05,7.6571545e-05
Morgan_Bit_915,7.6029966e-05,7.6029966e-05
Morgan_Bit_1004,-7.5062286e-05,7.5062286e-05
Morgan_Bit_835,-7.4644406e-05,7.4644406e-05
Morgan_Bit_348,-7.393799e-05,7.393799e-05
Morgan_Bit_960,-7.343078e-05,7.343078e-05
Morgan_Bit_88,-7.249991e-05,7.249991e-05
Morgan_Bit_342,-7.1579605e-05,7.1579605e-05
Morgan_Bit_1077,-7.109409e-05,7.109409e-05
Morgan_Bit_878,7.060319e-05,7.060319e-05
Morgan_Bit_1456,-7.020219e-05,7.020219e-05
Morgan_Bit_368,7.007051e-05,7.007051e-05
Morgan_Bit_935,-6.907592e-05,6.907592e-05
Morgan_Bit_1455,-6.8733185e-05,6.8733185e-05
Morgan_Bit_222,-6.829095e-05,6.829095e-05
Morgan_Bit_717,6.821833e-05,6.821833e-05
Morgan_Bit_248,-6.789064e-05,6.789064e-05
Morgan_Bit_1131,-6.759266e-05,6.759266e-05
Morgan_Bit_1653,-6.69289e-05,6.69289e-05
Morgan_Bit_525,6.488789e-05,6.488789e-05
Morgan_Bit_381,-6.470721e-05,6.470721e-05
Morgan_Bit_730,-6.396356e-05,6.396356e-05
Morgan_Bit_723,-6.2756226e-05,6.2756226e-05
Morgan_Bit_828,-6.245635e-05,6.245635e-05
Morgan_Bit_947,6.225957e-05,6.225957e-05
Morgan_Bit_1980,-6.0505885e-05,6.0505885e-05
Morgan_Bit_698,5.779625e-05,5.779625e-05
Morgan_Bit_751,-5.7794638e-05,5.7794638e-05
Morgan_Bit_759,-5.7310364e-05,5.7310364e-05
Morgan_Bit_889,5.715355e-05,5.715355e-05
Morgan_Bit_784,5.6807366e-05,5.6807366e-05
Morgan_Bit_571,5.679529e-05,5.679529e-05
Morgan_Bit_303,5.562803e-05,5.562803e-05
Morgan_Bit_840,5.534948e-05,5.534948e-05
Morgan_Bit_612,-5.4848108e-05,5.4848108e-05
Morgan_Bit_42,5.4422417e-05,5.4422417e-05
Morgan_Bit_277,5.4190514e-05,5.4190514e-05
Morgan_Bit_523,-5.4039854e-05,5.4039854e-05
Morgan_Bit_753,-5.4012227e-05,5.4012227e-05
Morgan_Bit_1620,-5.3787644e-05,5.3787644e-05
Morgan_Bit_844,-5.3134696e-05,5.3134696e-05
Morgan_Bit_40,5.2302705e-05,5.2302705e-05
Morgan_Bit_789,-5.1415253e-05,5.1415253e-05
Morgan_Bit_329,5.137732e-05,5.137732e-05
Morgan_Bit_56,-5.1210212e-05,5.1210212e-05
Morgan_Bit_490,-5.0427363e-05,5.0427363e-05
Morgan_Bit_1404,-5.0282935e-05,5.0282935e-05
Morgan_Bit_1694,-4.994685e-05,4.994685e-05
Morgan_Bit_407,4.9445618e-05,4.9445618e-05
Morgan_Bit_1804,-4.9152804e-05,4.9152804e-05
Morgan_Bit_1239,-4.9128746e-05,4.9128746e-05
Morgan_Bit_1038,4.901848e-05,4.901848e-05
Morgan_Bit_151,4.8688562e-05,4.8688562e-05
Morgan_Bit_431,4.8371578e-05,4.8371578e-05
Morgan_Bit_363,4.8240825e-05,4.8240825e-05
Morgan_Bit_81,-4.8233644e-05,4.8233644e-05
Morgan_Bit_658,4.8199523e-05,4.8199523e-05
Morgan_Bit_517,4.815581e-05,4.815581e-05
Morgan_Bit_122,4.8149548e-05,4.8149548e-05
Morgan_Bit_197,4.7520974e-05,4.7520974e-05
Morgan_Bit_1208,-4.73723e-05,4.73723e-05
Morgan_Bit_1961,-4.7126025e-05,4.7126025e-05
Morgan_Bit_1049,-4.672257e-05,4.672257e-05
Morgan_Bit_1348,4.6578218e-05,4.6578218e-05
Morgan_Bit_929,-4.656784e-05,4.656784e-05
Morgan_Bit_1048,4.645059e-05,4.645059e-05
Morgan_Bit_184,-4.5812805e-05,4.5812805e-05
Morgan_Bit_1727,4.520856e-05,4.520856e-05
Morgan_Bit_1800,4.5208017e-05,4.5208017e-05
Morgan_Bit_1648,-4.504741e-05,4.504741e-05
Morgan_Bit_120,-4.4740675e-05,4.4740675e-05
Morgan_Bit_1025,-4.4029784e-05,4.4029784e-05
Morgan_Bit_1094,4.378351e-05,4.378351e-05
Morgan_Bit_842,4.3107433e-05,4.3107433e-05
Morgan_Bit_1666,-4.2936255e-05,4.2936255e-05
Morgan_Bit_52,-4.2794814e-05,4.2794814e-05
Morgan_Bit_72,4.2070405e-05,4.2070405e-05
Morgan_Bit_1604,4.171353e-05,4.171353e-05
Morgan_Bit_1521,-4.1417406e-05,4.1417406e-05
Morgan_Bit_1090,4.1240935e-05,4.1240935e-05
Morgan_Bit_1300,-4.0784857e-05,4.0784857e-05
Morgan_Bit_1384,-4.0729552e-05,4.0729552e-05
Morgan_Bit_1921,4.0729177e-05,4.0729177e-05
Morgan_Bit_460,4.049971e-05,4.049971e-05
Morgan_Bit_956,4.0262268e-05,4.0262268e-05
Morgan_Bit_1791,3.992344e-05,3.992344e-05
Morgan_Bit_1047,3.9829934e-05,3.9829934e-05
Morgan_Bit_1389,-3.9787617e-05,3.9787617e-05
Morgan_Bit_1679,-3.967084e-05,3.967084e-05
Morgan_Bit_1066,-3.9619823e-05,3.9619823e-05
Morgan_Bit_412,3.8736845e-05,3.8736845e-05
Morgan_Bit_625,-3.8708382e-05,3.8708382e-05
Morgan_Bit_1385,3.868614e-05,3.868614e-05
Morgan_Bit_819,-3.8588434e-05,3.8588434e-05
Morgan_Bit_343,-3.8352795e-05,3.8352795e-05
Morgan_Bit_192,3.8193662e-05,3.8193662e-05
Morgan_Bit_1450,-3.747112e-05,3.747112e-05
Morgan_Bit_1911,-3.7464775e-05,3.7464775e-05
Morgan_Bit_1349,-3.7373386e-05,3.7373386e-05
Morgan_Bit_1159,3.7293114e-05,3.7293114e-05
Morgan_Bit_703,-3.7289086e-05,3.7289086e-05
Morgan_Bit_1892,-3.7082184e-05,3.7082184e-05
Morgan_Bit_38,-3.7066744e-05,3.7066744e-05
Morgan_Bit_797,-3.682144e-05,3.682144e-05
Morgan_Bit_1849,-3.6228943e-05,3.6228943e-05
Morgan_Bit_1972,-3.5636636e-05,3.5636636e-05
Morgan_Bit_1497,3.551381e-05,3.551381e-05
Morgan_Bit_1991,3.5373327e-05,3.5373327e-05
Morgan_Bit_76,-3.532355e-05,3.532355e-05
Morgan_Bit_1803,3.524995e-05,3.524995e-05
Morgan_Bit_252,3.33401e-05,3.33401e-05
Morgan_Bit_809,3.2876284e-05,3.2876284e-05
Morgan_Bit_486,3.2838045e-05,3.2838045e-05
Morgan_Bit_365,3.2760774e-05,3.2760774e-05
Morgan_Bit_615,3.2044016e-05,3.2044016e-05
Morgan_Bit_1050,3.1936772e-05,3.1936772e-05
Morgan_Bit_390,3.186125e-05,3.186125e-05
Morgan_Bit_857,-3.180107e-05,3.180107e-05
Morgan_Bit_1374,-3.1540392e-05,3.1540392e-05
Morgan_Bit_556,3.140387e-05,3.140387e-05
Morgan_Bit_373,-3.1279105e-05,3.1279105e-05
Morgan_Bit_205,3.1247408e-05,3.1247408e-05
Morgan_Bit_221,-3.0760097e-05,3.0760097e-05
Morgan_Bit_18,3.074923e-05,3.074923e-05
Morgan_Bit_293,-3.059808e-05,3.059808e-05
Morgan_Bit_49,3.0574916e-05,3.0574916e-05
Morgan_Bit_1895,-3.0464478e-05,3.0464478e-05
Morgan_Bit_60,3.0421497e-05,3.0421497e-05
Morgan_Bit_466,-3.040532e-05,3.040532e-05
Morgan_Bit_1257,3.0215862e-05,3.0215862e-05
Morgan_Bit_116,-3.0110448e-05,3.0110448e-05
Morgan_Bit_1865,-3.0093928e-05,3.0093928e-05
Morgan_Bit_131,-2.9479728e-05,2.9479728e-05
Morgan_Bit_166,2.9265337e-05,2.9265337e-05
Morgan_Bit_1036,2.8960909e-05,2.8960909e-05
Morgan_Bit_478,-2.8815035e-05,2.8815035e-05
Morgan_Bit_1538,2.870445e-05,2.870445e-05
Morgan_Bit_98,2.8465965e-05,2.8465965e-05
Morgan_Bit_1061,-2.8252283e-05,2.8252283e-05
Morgan_Bit_637,-2.7664762e-05,2.7664762e-05
Morgan_Bit_112,-2.7655547e-05,2.7655547e-05
Morgan_Bit_955,-2.7529522e-05,2.7529522e-05
Morgan_Bit_1637,-2.7254908e-05,2.7254908e-05
Morgan_Bit_1221,-2.6907457e-05,2.6907457e-05
Morgan_Bit_873,-2.6740172e-05,2.6740172e-05
Morgan_Bit_139,2.66325e-05,2.66325e-05
Morgan_Bit_1145,-2.6453732e-05,2.6453732e-05
Morgan_Bit_16,-2.628749e-05,2.628749e-05
Morgan_Bit_1628,2.5981062e-05,2.5981062e-05
Morgan_Bit_1854,2.584942e-05,2.584942e-05
Morgan_Bit_1733,-2.4793258e-05,2.4793258e-05
Morgan_Bit_1322,-2.4767824e-05,2.4767824e-05
Morgan_Bit_987,2.472863e-05,2.472863e-05
Morgan_Bit_526,2.4718334e-05,2.4718334e-05
Morgan_Bit_428,-2.4549863e-05,2.4549863e-05
Morgan_Bit_380,-2.3514362e-05,2.3514362e-05
Morgan_Bit_1087,2.3374847e-05,2.3374847e-05
Morgan_Bit_1885,-2.2727165e-05,2.2727165e-05
Morgan_Bit_1318,2.2434395e-05,2.2434395e-05
Morgan_Bit_304,-2.2414628e-05,2.2414628e-05
Morgan_Bit_1771,-2.179993e-05,2.179993e-05
Morgan_Bit_223,-2.1755372e-05,2.1755372e-05
Morgan_Bit_445,-2.1749483e-05,2.1749483e-05
Morgan_Bit_1473,-2.1593509e-05,2.1593509e-05
Morgan_Bit_1993,-2.1179381e-05,2.1179381e-05
Morgan_Bit_46,2.1177193e-05,2.1177193e-05
Morgan_Bit_461,-2.11011e-05,2.11011e-05
Morgan_Bit_196,-2.1013104e-05,2.1013104e-05
Morgan_Bit_87,-2.0662274e-05,2.0662274e-05
Morgan_Bit_1941,-2.0354433e-05,2.0354433e-05
Morgan_Bit_170,-2.0283564e-05,2.0283564e-05
Morgan_Bit_37,-2.0190977e-05,2.0190977e-05
Morgan_Bit_117,-2.0129595e-05,2.0129595e-05
Morgan_Bit_419,2.0004243e-05,2.0004243e-05
Morgan_Bit_1960,1.9993551e-05,1.9993551e-05
Morgan_Bit_564,1.998559e-05,1.998559e-05
Morgan_Bit_1013,-1.9812847e-05,1.9812847e-05
Morgan_Bit_1588,1.9619378e-05,1.9619378e-05
Morgan_Bit_1966,1.907496e-05,1.907496e-05
Morgan_Bit_1672,-1.8933793e-05,1.8933793e-05
Morgan_Bit_182,1.888574e-05,1.888574e-05
Morgan_Bit_1292,1.8847924e-05,1.8847924e-05
Morgan_Bit_288,1.8411454e-05,1.8411454e-05
Morgan_Bit_1647,1.8402783e-05,1.8402783e-05
Morgan_Bit_349,-1.8284907e-05,1.8284907e-05
Morgan_Bit_1153,-1.8189921e-05,1.8189921e-05
Morgan_Bit_1824,-1.817672e-05,1.817672e-05
Morgan_Bit_227,-1.8072984e-05,1.8072984e-05
Morgan_Bit_1353,-1.8030147e-05,1.8030147e-05
Morgan_Bit_652,-1.790514e-05,1.790514e-05
Morgan_Bit_1343,-1.742676e-05,1.742676e-05
Morgan_Bit_109,-1.7424707e-05,1.7424707e-05
Morgan_Bit_1020,-1.7423727e-05,1.7423727e-05
Morgan_Bit_1164,-1.697913e-05,1.697913e-05
Morgan_Bit_313,1.6895161e-05,1.6895161e-05
Morgan_Bit_534,1.6828992e-05,1.6828992e-05
Morgan_Bit_981,-1.654479e-05,1.654479e-05
Morgan_Bit_337,-1.640543e-05,1.640543e-05
Morgan_Bit_1507,-1.6353173e-05,1.6353173e-05
Morgan_Bit_575,-1.6232145e-05,1.6232145e-05
Morgan_Bit_175,1.6038946e-05,1.6038946e-05
Morgan_Bit_1756,-1.5601474e-05,1.5601474e-05
Morgan_Bit_1779,-1.5336109e-05,1.5336109e-05
Morgan_Bit_86,1.5276655e-05,1.5276655e-05
Morgan_Bit_522,1.4713817e-05,1.4713817e-05
Morgan_Bit_1268,1.4452209e-05,1.4452209e-05
Morgan_Bit_1765,1.3501052e-05,1.3501052e-05
Morgan_Bit_1106,1.3342286e-05,1.3342286e-05
Morgan_Bit_124,1.32086225e-05,1.32086225e-05
Morgan_Bit_511,-1.3137948e-05,1.3137948e-05
Morgan_Bit_610,1.3001026e-05,1.3001026e-05
Morgan_Bit_66,-1.2510711e-05,1.2510711e-05
Morgan_Bit_398,-1.2498675e-05,1.2498675e-05
Morgan_Bit_970,1.2335679e-05,1.2335679e-05
Morgan_Bit_1817,-1.2304646e-05,1.2304646e-05
Morgan_Bit_1613,1.2256742e-05,1.2256742e-05
Morgan_Bit_183,-1.2184497e-05,1.2184497e-05
Morgan_Bit_654,-1.2153335e-05,1.2153335e-05
Morgan_Bit_442,1.2062861e-05,1.2062861e-05
Morgan_Bit_33,1.2015142e-05,1.2015142e-05
Morgan_Bit_330,-1.1952626e-05,1.1952626e-05
Morgan_Bit_250,-1.19407505e-05,1.19407505e-05
Morgan_Bit_609,-1.1674537e-05,1.1674537e-05
Morgan_Bit_845,1.1522701e-05,1.1522701e-05
Morgan_Bit_1598,-1.1517455e-05,1.1517455e-05
Morgan_Bit_263,-1.145916e-05,1.145916e-05
Morgan_Bit_1027,-1.14586255e-05,1.14586255e-05
Morgan_Bit_597,1.1450291e-05,1.1450291e-05
Morgan_Bit_149,1.1387738e-05,1.1387738e-05
Morgan_Bit_344,1.1045382e-05,1.1045382e-05
Morgan_Bit_401,-1.1027151e-05,1.1027151e-05
Morgan_Bit_897,1.1010071e-05,1.1010071e-05
Morgan_Bit_1907,1.0916504e-05,1.0916504e-05
Morgan_Bit_870,-1.0802134e-05,1.0802134e-05
Morgan_Bit_489,-1.0798647e-05,1.0798647e-05
Morgan_Bit_547,1.0739625e-05,1.0739625e-05
Morgan_Bit_693,1.062053e-05,1.062053e-05
Morgan_Bit_913,-1.03065395e-05,1.03065395e-05
Morgan_Bit_936,9.571619e-06,9.571619e-06
Morgan_Bit_1599,-9.397151e-06,9.397151e-06
Morgan_Bit_1235,-9.37247e-06,9.37247e-06
Morgan_Bit_920,9.088844e-06,9.088844e-06
Morgan_Bit_1484,-8.9894975e-06,8.9894975e-06
Morgan_Bit_944,8.920237e-06,8.920237e-06
Morgan_Bit_1367,-8.906078e-06,8.906078e-06
Morgan_Bit_104,8.783846e-06,8.783846e-06
Morgan_Bit_1259,-8.751904e-06,8.751904e-06
Morgan_Bit_910,8.739762e-06,8.739762e-06
Morgan_Bit_760,-8.690322e-06,8.690322e-06
Morgan_Bit_1133,-8.593213e-06,8.593213e-06
Morgan_Bit_339,-8.55235e-06,8.55235e-06
Morgan_Bit_1014,-8.458425e-06,8.458425e-06
Morgan_Bit_1962,-8.443678e-06,8.443678e-06
Morgan_Bit_653,-8.376364e-06,8.376364e-06
Morgan_Bit_1574,-8.137269e-06,8.137269e-06
Morgan_Bit_413,8.136854e-06,8.136854e-06
Morgan_Bit_458,8.126058e-06,8.126058e-06
Morgan_Bit_311,-8.100021e-06,8.100021e-06
Morgan_Bit_685,-7.879878e-06,7.879878e-06
Morgan_Bit_369,7.875242e-06,7.875242e-06
Morgan_Bit_1505,7.814604e-06,7.814604e-06
Morgan_Bit_1146,-7.813637e-06,7.813637e-06
Morgan_Bit_1990,-7.647376e-06,7.647376e-06
Morgan_Bit_1735,-7.6076203e-06,7.6076203e-06
Morgan_Bit_174,-7.4776012e-06,7.4776012e-06
Morgan_Bit_188,-7.3487627e-06,7.3487627e-06
Morgan_Bit_386,7.1133527e-06,7.1133527e-06
Morgan_Bit_179,-7.10719e-06,7.10719e-06
Morgan_Bit_707,-7.038147e-06,7.038147e-06
Morgan_Bit_1782,6.8121926e-06,6.8121926e-06
Morgan_Bit_332,6.8031727e-06,6.8031727e-06
Morgan_Bit_503,6.4709297e-06,6.4709297e-06
Morgan_Bit_39,6.341891e-06,6.341891e-06
Morgan_Bit_997,-6.2596437e-06,6.2596437e-06
Morgan_Bit_473,-6.2581967e-06,6.2581967e-06
Morgan_Bit_133,5.893352e-06,5.893352e-06
Morgan_Bit_285,-5.867761e-06,5.867761e-06
Morgan_Bit_168,-5.837797e-06,5.837797e-06
Morgan_Bit_1328,-5.8255755e-06,5.8255755e-06
Morgan_Bit_306,-5.792758e-06,5.792758e-06
Morgan_Bit_397,-5.7378275e-06,5.7378275e-06
Morgan_Bit_2027,-5.632739e-06,5.632739e-06
Morgan_Bit_875,-5.513454e-06,5.513454e-06
Morgan_Bit_721,-5.3776625e-06,5.3776625e-06
Morgan_Bit_1312,5.375099e-06,5.375099e-06
Morgan_Bit_187,-5.3102012e-06,5.3102012e-06
Morgan_Bit_298,-5.2358096e-06,5.2358096e-06
Morgan_Bit_146,-4.7665603e-06,4.7665603e-06
Morgan_Bit_71,4.286484e-06,4.286484e-06
Morgan_Bit_125,-4.277311e-06,4.277311e-06
Morgan_Bit_169,-4.262559e-06,4.262559e-06
Morgan_Bit_983,4.14704e-06,4.14704e-06
Morgan_Bit_849,-4.139166e-06,4.139166e-06
Morgan_Bit_295,-4.09773e-06,4.09773e-06
Morgan_Bit_531,-4.0104355e-06,4.0104355e-06
Morgan_Bit_573,-3.892299e-06,3.892299e-06
Morgan_Bit_316,3.8478875e-06,3.8478875e-06
Morgan_Bit_24,3.81528e-06,3.81528e-06
Morgan_Bit_34,3.7573006e-06,3.7573006e-06
Morgan_Bit_1869,3.7040647e-06,3.7040647e-06
Morgan_Bit_199,-3.656079e-06,3.656079e-06
Morgan_Bit_585,3.4304826e-06,3.4304826e-06
Morgan_Bit_1112,-3.333415e-06,3.333415e-06
Morgan_Bit_782,-3.2827288e-06,3.2827288e-06
Morgan_Bit_73,3.2487778e-06,3.2487778e-06
Morgan_Bit_63,2.9907849e-06,2.9907849e-06
Morgan_Bit_61,2.8335255e-06,2.8335255e-06
Morgan_Bit_7,2.5975578e-06,2.5975578e-06
Morgan_Bit_1581,2.4266585e-06,2.4266585e-06
Morgan_Bit_1746,2.1814196e-06,2.1814196e-06
Morgan_Bit_467,-2.1654985e-06,2.1654985e-06
Morgan_Bit_19,2.1424933e-06,2.1424933e-06
Morgan_Bit_15,2.0937625e-06,2.0937625e-06
Morgan_Bit_578,-2.054346e-06,2.054346e-06
Morgan_Bit_973,1.9546737e-06,1.9546737e-06
Morgan_Bit_890,1.953833e-06,1.953833e-06
Morgan_Bit_57,-1.7536947e-06,1.7536947e-06
Morgan_Bit_1794,-1.748569e-06,1.748569e-06
Morgan_Bit_219,-1.6441725e-06,1.6441725e-06
Morgan_Bit_243,-1.6255832e-06,1.6255832e-06
Morgan_Bit_91,-9.096311e-07,9.096311e-07
Morgan_Bit_240,-8.8107754e-07,8.8107754e-07
Morgan_Bit_23,7.507915e-07,7.507915e-07
Morgan_Bit_67,-7.474473e-07,7.474473e-07
Morgan_Bit_103,-3.775167e-07,3.775167e-07
Morgan_Bit_77,2.734796e-07,2.734796e-07
Morgan_Bit_224,-1.3816953e-07,1.3816953e-07
Morgan_Bit_1649,0.0,0.0
Morgan_Bit_1650,0.0,0.0
Morgan_Bit_690,0.0,0.0
Morgan_Bit_1651,0.0,0.0
Morgan_Bit_1652,0.0,0.0
Morgan_Bit_1692,0.0,0.0
Morgan_Bit_663,0.0,0.0
Morgan_Bit_697,0.0,0.0
Morgan_Bit_1654,0.0,0.0
Morgan_Bit_1655,0.0,0.0
Morgan_Bit_1657,0.0,0.0
Morgan_Bit_1659,0.0,0.0
Morgan_Bit_1660,0.0,0.0
Morgan_Bit_1667,0.0,0.0
Morgan_Bit_1662,0.0,0.0
Morgan_Bit_1663,0.0,0.0
Morgan_Bit_1664,0.0,0.0
Morgan_Bit_696,0.0,0.0
Morgan_Bit_181,0.0,0.0
Morgan_Bit_1671,0.0,0.0
Morgan_Bit_691,0.0,0.0
Morgan_Bit_1674,0.0,0.0
Morgan_Bit_1661,0.0,0.0
Morgan_Bit_1639,0.0,0.0
Morgan_Bit_1640,0.0,0.0
Morgan_Bit_1643,0.0,0.0
Morgan_Bit_1644,0.0,0.0
Morgan_Bit_1645,0.0,0.0
Morgan_Bit_1646,0.0,0.0
Morgan_Bit_539,0.0,0.0
Morgan_Bit_210,0.0,0.0
Morgan_Bit_189,0.0,0.0
Morgan_Bit_1606,0.0,0.0
Morgan_Bit_1608,0.0,0.0
Morgan_Bit_1612,0.0,0.0
Morgan_Bit_537,0.0,0.0
Morgan_Bit_1614,0.0,0.0
Morgan_Bit_1616,0.0,0.0
Morgan_Bit_1617,0.0,0.0
Morgan_Bit_1618,0.0,0.0
Morgan_Bit_538,0.0,0.0
Morgan_Bit_688,0.0,0.0
Morgan_Bit_687,0.0,0.0
Morgan_Bit_686,0.0,0.0
Morgan_Bit_185,0.0,0.0
Morgan_Bit_684,0.0,0.0
Morgan_Bit_683,0.0,0.0
Morgan_Bit_1691,0.0,0.0
Morgan_Bit_190,0.0,0.0
Morgan_Bit_540,0.0,0.0
Morgan_Bit_194,0.0,0.0
Morgan_Bit_1627,0.0,0.0
Morgan_Bit_681,0.0,0.0
Morgan_Bit_1629,0.0,0.0
Morgan_Bit_1632,0.0,0.0
Morgan_Bit_1633,0.0,0.0
Morgan_Bit_1634,0.0,0.0
Morgan_Bit_541,0.0,0.0
Morgan_Bit_1636,0.0,0.0
Morgan_Bit_682,0.0,0.0
Morgan_Bit_555,0.0,0.0
Morgan_Bit_156,0.0,0.0
Morgan_Bit_157,0.0,0.0
Morgan_Bit_158,0.0,0.0
Morgan_Bit_159,0.0,0.0
Morgan_Bit_160,0.0,0.0
Morgan_Bit_1703,0.0,0.0
Morgan_Bit_1682,0.0,0.0
Morgan_Bit_1707,0.0,0.0
Morgan_Bit_1708,0.0,0.0
Morgan_Bit_1709,0.0,0.0
Morgan_Bit_1710,0.0,0.0
Morgan_Bit_1711,0.0,0.0
Morgan_Bit_1712,0.0,0.0
Morgan_Bit_1713,0.0,0.0
Morgan_Bit_1715,0.0,0.0
Morgan_Bit_1705,0.0,0.0
Morgan_Bit_1741,0.0,0.0
Morgan_Bit_1743,0.0,0.0
Morgan_Bit_1744,0.0,0.0
Morgan_Bit_1745,0.0,0.0
Morgan_Bit_1748,0.0,0.0
Morgan_Bit_1749,0.0,0.0
Morgan_Bit_1751,0.0,0.0
Morgan_Bit_1752,0.0,0.0
Morgan_Bit_150,0.0,0.0
Morgan_Bit_1725,0.0,0.0
Morgan_Bit_1726,0.0,0.0
Morgan_Bit_560,0.0,0.0
Morgan_Bit_1728,0.0,0.0
Morgan_Bit_1729,0.0,0.0
Morgan_Bit_1730,0.0,0.0
Morgan_Bit_1732,0.0,0.0
Morgan_Bit_559,0.0,0.0
Morgan_Bit_1723,0.0,0.0
Morgan_Bit_665,0.0,0.0
Morgan_Bit_180,0.0,0.0
Morgan_Bit_1702,0.0,0.0
Morgan_Bit_1675,0.0,0.0
Morgan_Bit_1676,0.0,0.0
Morgan_Bit_1677,0.0,0.0
Morgan_Bit_1678,0.0,0.0
Morgan_Bit_664,0.0,0.0
Morgan_Bit_1716,0.0,0.0
Morgan_Bit_1619,0.0,0.0
Morgan_Bit_1684,0.0,0.0
Morgan_Bit_1685,0.0,0.0
Morgan_Bit_1686,0.0,0.0
Morgan_Bit_1687,0.0,0.0
Morgan_Bit_1688,0.0,0.0
Morgan_Bit_1689,0.0,0.0
Morgan_Bit_1690,0.0,0.0
Morgan_Bit_1680,0.0,0.0
Morgan_Bit_1717,0.0,0.0
Morgan_Bit_1718,0.0,0.0
Morgan_Bit_1719,0.0,0.0
Morgan_Bit_1720,0.0,0.0
Morgan_Bit_1721,0.0,0.0
Morgan_Bit_554,0.0,0.0
Morgan_Bit_1698,0.0,0.0
Morgan_Bit_1699,0.0,0.0
Morgan_Bit_178,0.0,0.0
Morgan_Bit_549,0.0,0.0
Morgan_Bit_673,0.0,0.0
Morgan_Bit_672,0.0,0.0
Morgan_Bit_171,0.0,0.0
Morgan_Bit_669,0.0,0.0
Morgan_Bit_668,0.0,0.0
Morgan_Bit_666,0.0,0.0
Morgan_Bit_177,0.0,0.0
Morgan_Bit_550,0.0,0.0
Morgan_Bit_1514,0.0,0.0
Morgan_Bit_1515,0.0,0.0
Morgan_Bit_1519,0.0,0.0
Morgan_Bit_1520,0.0,0.0
Morgan_Bit_710,0.0,0.0
Morgan_Bit_1522,0.0,0.0
Morgan_Bit_1523,0.0,0.0
Morgan_Bit_1601,0.0,0.0
Morgan_Bit_1526,0.0,0.0
Morgan_Bit_1493,0.0,0.0
Morgan_Bit_1494,0.0,0.0
Morgan_Bit_1495,0.0,0.0
Morgan_Bit_1496,0.0,0.0
Morgan_Bit_709,0.0,0.0
Morgan_Bit_1500,0.0,0.0
Morgan_Bit_1502,0.0,0.0
Morgan_Bit_1525,0.0,0.0
Morgan_Bit_1532,0.0,0.0
Morgan_Bit_1533,0.0,0.0
Morgan_Bit_1534,0.0,0.0
Morgan_Bit_1537,0.0,0.0
Morgan_Bit_713,0.0,0.0
Morgan_Bit_1539,0.0,0.0
Morgan_Bit_1540,0.0,0.0
Morgan_Bit_1513,0.0,0.0
Morgan_Bit_1544,0.0,0.0
Morgan_Bit_1545,0.0,0.0
Morgan_Bit_1547,0.0,0.0
Morgan_Bit_1548,0.0,0.0
Morgan_Bit_238,0.0,0.0
Morgan_Bit_1509,0.0,0.0
Morgan_Bit_1510,0.0,0.0
Morgan_Bit_1511,0.0,0.0
Morgan_Bit_1541,0.0,0.0
Morgan_Bit_748,0.0,0.0
Morgan_Bit_253,0.0,0.0
Morgan_Bit_256,0.0,0.0
Morgan_Bit_258,0.0,0.0
Morgan_Bit_259,0.0,0.0
Morgan_Bit_260,0.0,0.0
Morgan_Bit_1464,0.0,0.0
Morgan_Bit_1503,0.0,0.0
Morgan_Bit_1466,0.0,0.0
Morgan_Bit_1467,0.0,0.0
Morgan_Bit_1469,0.0,0.0
Morgan_Bit_1470,0.0,0.0
Morgan_Bit_1471,0.0,0.0
Morgan_Bit_1472,0.0,0.0
Morgan_Bit_747,0.0,0.0
Morgan_Bit_1474,0.0,0.0
Morgan_Bit_1465,0.0,0.0
Morgan_Bit_1504,0.0,0.0
Morgan_Bit_545,0.0,0.0
Morgan_Bit_1506,0.0,0.0
Morgan_Bit_543,0.0,0.0
Morgan_Bit_1508,0.0,0.0
Morgan_Bit_229,0.0,0.0
Morgan_Bit_230,0.0,0.0
Morgan_Bit_234,0.0,0.0
Morgan_Bit_752,0.0,0.0
Morgan_Bit_1488,0.0,0.0
Morgan_Bit_1489,0.0,0.0
Morgan_Bit_1490,0.0,0.0
Morgan_Bit_1491,0.0,0.0
Morgan_Bit_1492,0.0,0.0
Morgan_Bit_246,0.0,0.0
Morgan_Bit_247,0.0,0.0
Morgan_Bit_542,0.0,0.0
Morgan_Bit_1486,0.0,0.0
Morgan_Bit_701,0.0,0.0
Morgan_Bit_206,0.0,0.0
Morgan_Bit_208,0.0,0.0
Morgan_Bit_700,0.0,0.0
Morgan_Bit_1575,0.0,0.0
Morgan_Bit_1576,0.0,0.0
Morgan_Bit_1577,0.0,0.0
Morgan_Bit_1531,0.0,0.0
Morgan_Bit_1579,0.0,0.0
Morgan_Bit_1580,0.0,0.0
Morgan_Bit_1583,0.0,0.0
Morgan_Bit_1584,0.0,0.0
Morgan_Bit_729,0.0,0.0
Morgan_Bit_1587,0.0,0.0
Morgan_Bit_727,0.0,0.0
Morgan_Bit_1590,0.0,0.0
Morgan_Bit_1578,0.0,0.0
Morgan_Bit_536,0.0,0.0
Morgan_Bit_1621,0.0,0.0
Morgan_Bit_1622,0.0,0.0
Morgan_Bit_1623,0.0,0.0
Morgan_Bit_1625,0.0,0.0
Morgan_Bit_1593,0.0,0.0
Morgan_Bit_1594,0.0,0.0
Morgan_Bit_201,0.0,0.0
Morgan_Bit_1596,0.0,0.0
Morgan_Bit_535,0.0,0.0
Morgan_Bit_533,0.0,0.0
Morgan_Bit_1740,0.0,0.0
Morgan_Bit_706,0.0,0.0
Morgan_Bit_705,0.0,0.0
Morgan_Bit_198,0.0,0.0
Morgan_Bit_702,0.0,0.0
Morgan_Bit_1595,0.0,0.0
Morgan_Bit_1553,0.0,0.0
Morgan_Bit_1554,0.0,0.0
Morgan_Bit_1555,0.0,0.0
Morgan_Bit_1556,0.0,0.0
Morgan_Bit_1557,0.0,0.0
Morgan_Bit_1558,0.0,0.0
Morgan_Bit_1559,0.0,0.0
Morgan_Bit_1591,0.0,0.0
Morgan_Bit_1561,0.0,0.0
Morgan_Bit_1562,0.0,0.0
Morgan_Bit_1563,0.0,0.0
Morgan_Bit_1565,0.0,0.0
Morgan_Bit_1566,0.0,0.0
Morgan_Bit_1527,0.0,0.0
Morgan_Bit_1528,0.0,0.0
Morgan_Bit_1529,0.0,0.0
Morgan_Bit_1560,0.0,0.0
Morgan_Bit_1592,0.0,0.0
Morgan_Bit_1567,0.0,0.0
Morgan_Bit_1568,0.0,0.0
Morgan_Bit_1571,0.0,0.0
Morgan_Bit_1572,0.0,0.0
Morgan_Bit_214,0.0,0.0
Morgan_Bit_215,0.0,0.0
Morgan_Bit_218,0.0,0.0
Morgan_Bit_1551,0.0,0.0
Morgan_Bit_725,0.0,0.0
Morgan_Bit_722,0.0,0.0
Morgan_Bit_720,0.0,0.0
Morgan_Bit_225,0.0,0.0
Morgan_Bit_719,0.0,0.0
Morgan_Bit_228,0.0,0.0
Morgan_Bit_1549,0.0,0.0
Morgan_Bit_1550,0.0,0.0
Morgan_Bit_220,0.0,0.0
Morgan_Bit_1930,0.0,0.0
Morgan_Bit_1931,0.0,0.0
Morgan_Bit_1933,0.0,0.0
Morgan_Bit_1935,0.0,0.0
Morgan_Bit_1936,0.0,0.0
Morgan_Bit_1937,0.0,0.0
Morgan_Bit_1938,0.0,0.0
Morgan_Bit_138,0.0,0.0
Morgan_Bit_601,0.0,0.0
Morgan_Bit_600,0.0,0.0
Morgan_Bit_599,0.0,0.0
Morgan_Bit_595,0.0,0.0
Morgan_Bit_82,0.0,0.0
Morgan_Bit_99,0.0,0.0
Morgan_Bit_100,0.0,0.0
Morgan_Bit_1909,0.0,0.0
Morgan_Bit_1939,0.0,0.0
Morgan_Bit_607,0.0,0.0
Morgan_Bit_1942,0.0,0.0
Morgan_Bit_1943,0.0,0.0
Morgan_Bit_1945,0.0,0.0
Morgan_Bit_1946,0.0,0.0
Morgan_Bit_1947,0.0,0.0
Morgan_Bit_1948,0.0,0.0
Morgan_Bit_1929,0.0,0.0
Morgan_Bit_1951,0.0,0.0
Morgan_Bit_1952,0.0,0.0
Morgan_Bit_1953,0.0,0.0
Morgan_Bit_1956,0.0,0.0
Morgan_Bit_1957,0.0,0.0
Morgan_Bit_1958,0.0,0.0
Morgan_Bit_1959,0.0,0.0
Morgan_Bit_603,0.0,0.0
Morgan_Bit_1949,0.0,0.0
Morgan_Bit_636,0.0,0.0
Morgan_Bit_1908,0.0,0.0
Morgan_Bit_85,0.0,0.0
Morgan_Bit_635,0.0,0.0
Morgan_Bit_633,0.0,0.0
Morgan_Bit_632,0.0,0.0
Morgan_Bit_89,0.0,0.0
Morgan_Bit_594,0.0,0.0
Morgan_Bit_631,0.0,0.0
Morgan_Bit_1882,0.0,0.0
Morgan_Bit_1883,0.0,0.0
Morgan_Bit_1884,0.0,0.0
Morgan_Bit_629,0.0,0.0
Morgan_Bit_1887,0.0,0.0
Morgan_Bit_1888,0.0,0.0
Morgan_Bit_1889,0.0,0.0
Morgan_Bit_97,0.0,0.0
Morgan_Bit_1912,0.0,0.0
Morgan_Bit_1913,0.0,0.0
Morgan_Bit_1914,0.0,0.0
Morgan_Bit_1915,0.0,0.0
Morgan_Bit_1916,0.0,0.0
Morgan_Bit_1919,0.0,0.0
Morgan_Bit_1920,0.0,0.0
Morgan_Bit_593,0.0,0.0
Morgan_Bit_1906,0.0,0.0
Morgan_Bit_1923,0.0,0.0
Morgan_Bit_1926,0.0,0.0
Morgan_Bit_1927,0.0,0.0
Morgan_Bit_1900,0.0,0.0
Morgan_Bit_1901,0.0,0.0
Morgan_Bit_1902,0.0,0.0
Morgan_Bit_1903,0.0,0.0
Morgan_Bit_1904,0.0,0.0
Morgan_Bit_1922,0.0,0.0
Morgan_Bit_2011,0.0,0.0
Morgan_Bit_2012,0.0,0.0
Morgan_Bit_2013,0.0,0.0
Morgan_Bit_2015,0.0,0.0
Morgan_Bit_2016,0.0,0.0
Morgan_Bit_2017,0.0,0.0
Morgan_Bit_2019,0.0,0.0
Morgan_Bit_1981,0.0,0.0
Morgan_Bit_10,0.0,0.0
Morgan_Bit_587,0.0,0.0
Morgan_Bit_1992,0.0,0.0
Morgan_Bit_583,0.0,0.0
Morgan_Bit_1996,0.0,0.0
Morgan_Bit_1997,0.0,0.0
Morgan_Bit_1999,0.0,0.0
Morgan_Bit_2001,0.0,0.0
Morgan_Bit_2020,0.0,0.0
Morgan_Bit_17,0.0,0.0
Morgan_Bit_35,0.0,0.0
Morgan_Bit_2022,0.0,0.0
Morgan_Bit_2023,0.0,0.0
Morgan_Bit_2024,0.0,0.0
Morgan_Bit_2025,0.0,0.0
Morgan_Bit_48,0.0,0.0
Morgan_Bit_2029,0.0,0.0
Morgan_Bit_2010,0.0,0.0
Morgan_Bit_2032,0.0,0.0
Morgan_Bit_2034,0.0,0.0
Morgan_Bit_2035,0.0,0.0
Morgan_Bit_2036,0.0,0.0
Morgan_Bit_588,0.0,0.0
Morgan_Bit_0,0.0,0.0
Morgan_Bit_2008,0.0,0.0
Morgan_Bit_2009,0.0,0.0
Morgan_Bit_2031,0.0,0.0
Morgan_Bit_1989,0.0,0.0
Morgan_Bit_20,0.0,0.0
Morgan_Bit_12,0.0,0.0
Morgan_Bit_1963,0.0,0.0
Morgan_Bit_1965,0.0,0.0
Morgan_Bit_613,0.0,0.0
Morgan_Bit_1967,0.0,0.0
Morgan_Bit_2002,0.0,0.0
Morgan_Bit_1969,0.0,0.0
Morgan_Bit_611,0.0,0.0
Morgan_Bit_1973,0.0,0.0
Morgan_Bit_1974,0.0,0.0
Morgan_Bit_1976,0.0,0.0
Morgan_Bit_1977,0.0,0.0
Morgan_Bit_1979,0.0,0.0
Morgan_Bit_608,0.0,0.0
Morgan_Bit_1968,0.0,0.0
Morgan_Bit_2003,0.0,0.0
Morgan_Bit_582,0.0,0.0
Morgan_Bit_581,0.0,0.0
Morgan_Bit_2047,0.0,0.0
Morgan_Bit_2046,0.0,0.0
Morgan_Bit_2045,0.0,0.0
Morgan_Bit_2044,0.0,0.0
Morgan_Bit_1982,0.0,0.0
Morgan_Bit_68,0.0,0.0
Morgan_Bit_1986,0.0,0.0
Morgan_Bit_1987,0.0,0.0
Morgan_Bit_1988,0.0,0.0
Morgan_Bit_2043,0.0,0.0
Morgan_Bit_2040,0.0,0.0
Morgan_Bit_2039,0.0,0.0
Morgan_Bit_65,0.0,0.0
Morgan_Bit_2037,0.0,0.0
Morgan_Bit_1983,0.0,0.0
Morgan_Bit_1788,0.0,0.0
Morgan_Bit_1789,0.0,0.0
Morgan_Bit_1790,0.0,0.0
Morgan_Bit_641,0.0,0.0
Morgan_Bit_1795,0.0,0.0
Morgan_Bit_1797,0.0,0.0
Morgan_Bit_1798,0.0,0.0
Morgan_Bit_1890,0.0,0.0
Morgan_Bit_1801,0.0,0.0
Morgan_Bit_1802,0.0,0.0
Morgan_Bit_639,0.0,0.0
Morgan_Bit_662,0.0,0.0
Morgan_Bit_1805,0.0,0.0
Morgan_Bit_1806,0.0,0.0
Morgan_Bit_661,0.0,0.0
Morgan_Bit_148,0.0,0.0
Morgan_Bit_640,0.0,0.0
Morgan_Bit_1807,0.0,0.0
Morgan_Bit_1809,0.0,0.0
Morgan_Bit_1811,0.0,0.0
Morgan_Bit_1812,0.0,0.0
Morgan_Bit_567,0.0,0.0
Morgan_Bit_566,0.0,0.0
Morgan_Bit_565,0.0,0.0
Morgan_Bit_1787,0.0,0.0
Morgan_Bit_644,0.0,0.0
Morgan_Bit_643,0.0,0.0
Morgan_Bit_126,0.0,0.0
Morgan_Bit_128,0.0,0.0
Morgan_Bit_129,0.0,0.0
Morgan_Bit_130,0.0,0.0
Morgan_Bit_642,0.0,0.0
Morgan_Bit_1813,0.0,0.0
Morgan_Bit_123,0.0,0.0
Morgan_Bit_1762,0.0,0.0
Morgan_Bit_1764,0.0,0.0
Morgan_Bit_646,0.0,0.0
Morgan_Bit_134,0.0,0.0
Morgan_Bit_135,0.0,0.0
Morgan_Bit_136,0.0,0.0
Morgan_Bit_137,0.0,0.0
Morgan_Bit_660,0.0,0.0
Morgan_Bit_645,0.0,0.0
Morgan_Bit_143,0.0,0.0
Morgan_Bit_144,0.0,0.0
Morgan_Bit_161,0.0,0.0
Morgan_Bit_163,0.0,0.0
Morgan_Bit_576,0.0,0.0
Morgan_Bit_1736,0.0,0.0
Morgan_Bit_1737,0.0,0.0
Morgan_Bit_1477,0.0,0.0
Morgan_Bit_1766,0.0,0.0
Morgan_Bit_1767,0.0,0.0
Morgan_Bit_1768,0.0,0.0
Morgan_Bit_1769,0.0,0.0
Morgan_Bit_1770,0.0,0.0
Morgan_Bit_659,0.0,0.0
Morgan_Bit_1772,0.0,0.0
Morgan_Bit_657,0.0,0.0
Morgan_Bit_1759,0.0,0.0
Morgan_Bit_649,0.0,0.0
Morgan_Bit_1784,0.0,0.0
Morgan_Bit_1785,0.0,0.0
Morgan_Bit_1786,0.0,0.0
Morgan_Bit_1755,0.0,0.0
Morgan_Bit_647,0.0,0.0
Morgan_Bit_1757,0.0,0.0
Morgan_Bit_1758,0.0,0.0
Morgan_Bit_1780,0.0,0.0
Morgan_Bit_1875,0.0,0.0
Morgan_Bit_1876,0.0,0.0
Morgan_Bit_1877,0.0,0.0
Morgan_Bit_1878,0.0,0.0
Morgan_Bit_1880,0.0,0.0
Morgan_Bit_621,0.0,0.0
Morgan_Bit_1856,0.0,0.0
Morgan_Bit_1833,0.0,0.0
Morgan_Bit_1858,0.0,0.0
Morgan_Bit_1859,0.0,0.0
Morgan_Bit_1860,0.0,0.0
Morgan_Bit_620,0.0,0.0
Morgan_Bit_105,0.0,0.0
Morgan_Bit_106,0.0,0.0
Morgan_Bit_108,0.0,0.0
Morgan_Bit_619,0.0,0.0
Morgan_Bit_1857,0.0,0.0
Morgan_Bit_1891,0.0,0.0
Morgan_Bit_628,0.0,0.0
Morgan_Bit_1893,0.0,0.0
Morgan_Bit_1894,0.0,0.0
Morgan_Bit_627,0.0,0.0
Morgan_Bit_1896,0.0,0.0
Morgan_Bit_1898,0.0,0.0
Morgan_Bit_1899,0.0,0.0
Morgan_Bit_1874,0.0,0.0
Morgan_Bit_1863,0.0,0.0
Morgan_Bit_1864,0.0,0.0
Morgan_Bit_626,0.0,0.0
Morgan_Bit_1867,0.0,0.0
Morgan_Bit_1868,0.0,0.0
Morgan_Bit_1870,0.0,0.0
Morgan_Bit_1872,0.0,0.0
Morgan_Bit_1873,0.0,0.0
Morgan_Bit_1861,0.0,0.0
Morgan_Bit_1853,0.0,0.0
Morgan_Bit_1814,0.0,0.0
Morgan_Bit_1815,0.0,0.0
Morgan_Bit_572,0.0,0.0
Morgan_Bit_1818,0.0,0.0
Morgan_Bit_1819,0.0,0.0
Morgan_Bit_1820,0.0,0.0
Morgan_Bit_111,0.0,0.0
Morgan_Bit_1822,0.0,0.0
Morgan_Bit_569,0.0,0.0
Morgan_Bit_1825,0.0,0.0
Morgan_Bit_1826,0.0,0.0
Morgan_Bit_1827,0.0,0.0
Morgan_Bit_1829,0.0,0.0
Morgan_Bit_1830,0.0,0.0
Morgan_Bit_1832,0.0,0.0
Morgan_Bit_1821,0.0,0.0
Morgan_Bit_618,0.0,0.0
Morgan_Bit_617,0.0,0.0
Morgan_Bit_616,0.0,0.0
Morgan_Bit_1834,0.0,0.0
Morgan_Bit_1835,0.0,0.0
Morgan_Bit_1836,0.0,0.0
Morgan_Bit_1837,0.0,0.0
Morgan_Bit_1838,0.0,0.0
Morgan_Bit_1852,0.0,0.0
Morgan_Bit_1841,0.0,0.0
Morgan_Bit_1843,0.0,0.0
Morgan_Bit_1846,0.0,0.0
Morgan_Bit_1847,0.0,0.0
Morgan_Bit_1848,0.0,0.0
Morgan_Bit_574,0.0,0.0
Morgan_Bit_1850,0.0,0.0
Morgan_Bit_1851,0.0,0.0
Morgan_Bit_1839,0.0,0.0
Morgan_Bit_1080,0.0,0.0
Morgan_Bit_1081,0.0,0.0
Morgan_Bit_1082,0.0,0.0
Morgan_Bit_1083,0.0,0.0
Morgan_Bit_1084,0.0,0.0
Morgan_Bit_1086,0.0,0.0
Morgan_Bit_812,0.0,0.0
Morgan_Bit_1481,0.0,0.0
Morgan_Bit_1091,0.0,0.0
Morgan_Bit_1093,0.0,0.0
Morgan_Bit_500,0.0,0.0
Morgan_Bit_1067,0.0,0.0
Morgan_Bit_1068,0.0,0.0
Morgan_Bit_1071,0.0,0.0
Morgan_Bit_1072,0.0,0.0
Morgan_Bit_1074,0.0,0.0
Morgan_Bit_811,0.0,0.0
Morgan_Bit_1098,0.0,0.0
Morgan_Bit_1100,0.0,0.0
Morgan_Bit_1103,0.0,0.0
Morgan_Bit_1104,0.0,0.0
Morgan_Bit_1105,0.0,0.0
Morgan_Bit_814,0.0,0.0
Morgan_Bit_1108,0.0,0.0
Morgan_Bit_1109,0.0,0.0
Morgan_Bit_1079,0.0,0.0
Morgan_Bit_1111,0.0,0.0
Morgan_Bit_1113,0.0,0.0
Morgan_Bit_1115,0.0,0.0
Morgan_Bit_1116,0.0,0.0
Morgan_Bit_403,0.0,0.0
Morgan_Bit_404,0.0,0.0
Morgan_Bit_813,0.0,0.0
Morgan_Bit_1078,0.0,0.0
Morgan_Bit_1110,0.0,0.0
Morgan_Bit_1055,0.0,0.0
Morgan_Bit_1056,0.0,0.0
Morgan_Bit_1059,0.0,0.0
Morgan_Bit_834,0.0,0.0
Morgan_Bit_1062,0.0,0.0
Morgan_Bit_1064,0.0,0.0
Morgan_Bit_1065,0.0,0.0
Morgan_Bit_833,0.0,0.0
Morgan_Bit_1075,0.0,0.0
Morgan_Bit_1042,0.0,0.0
Morgan_Bit_1043,0.0,0.0
Morgan_Bit_1044,0.0,0.0
Morgan_Bit_405,0.0,0.0
Morgan_Bit_830,0.0,0.0
Morgan_Bit_410,0.0,0.0
Morgan_Bit_411,0.0,0.0
Morgan_Bit_860,0.0,0.0
Morgan_Bit_1041,0.0,0.0
Morgan_Bit_1076,0.0,0.0
Morgan_Bit_499,0.0,0.0
Morgan_Bit_391,0.0,0.0
Morgan_Bit_394,0.0,0.0
Morgan_Bit_395,0.0,0.0
Morgan_Bit_498,0.0,0.0
Morgan_Bit_497,0.0,0.0
Morgan_Bit_399,0.0,0.0
Morgan_Bit_1054,0.0,0.0
Morgan_Bit_402,0.0,0.0
Morgan_Bit_1046,0.0,0.0
Morgan_Bit_494,0.0,0.0
Morgan_Bit_493,0.0,0.0
Morgan_Bit_487,0.0,0.0
Morgan_Bit_836,0.0,0.0
Morgan_Bit_1051,0.0,0.0
Morgan_Bit_1052,0.0,0.0
Morgan_Bit_496,0.0,0.0
Morgan_Bit_516,0.0,0.0
Morgan_Bit_1173,0.0,0.0
Morgan_Bit_1174,0.0,0.0
Morgan_Bit_515,0.0,0.0
Morgan_Bit_829,0.0,0.0
Morgan_Bit_1147,0.0,0.0
Morgan_Bit_1148,0.0,0.0
Morgan_Bit_1096,0.0,0.0
Morgan_Bit_1150,0.0,0.0
Morgan_Bit_1151,0.0,0.0
Morgan_Bit_827,0.0,0.0
Morgan_Bit_1156,0.0,0.0
Morgan_Bit_357,0.0,0.0
Morgan_Bit_358,0.0,0.0
Morgan_Bit_359,0.0,0.0
Morgan_Bit_826,0.0,0.0
Morgan_Bit_1149,0.0,0.0
Morgan_Bit_1188,0.0,0.0
Morgan_Bit_1189,0.0,0.0
Morgan_Bit_1190,0.0,0.0
Morgan_Bit_1191,0.0,0.0
Morgan_Bit_1192,0.0,0.0
Morgan_Bit_794,0.0,0.0
Morgan_Bit_793,0.0,0.0
Morgan_Bit_370,0.0,0.0
Morgan_Bit_1170,0.0,0.0
Morgan_Bit_1158,0.0,0.0
Morgan_Bit_792,0.0,0.0
Morgan_Bit_1161,0.0,0.0
Morgan_Bit_791,0.0,0.0
Morgan_Bit_1165,0.0,0.0
Morgan_Bit_1166,0.0,0.0
Morgan_Bit_1167,0.0,0.0
Morgan_Bit_1169,0.0,0.0
Morgan_Bit_372,0.0,0.0
Morgan_Bit_1117,0.0,0.0
Morgan_Bit_1118,0.0,0.0
Morgan_Bit_1119,0.0,0.0
Morgan_Bit_1121,0.0,0.0
Morgan_Bit_1122,0.0,0.0
Morgan_Bit_1123,0.0,0.0
Morgan_Bit_1124,0.0,0.0
Morgan_Bit_821,0.0,0.0
Morgan_Bit_364,0.0,0.0
Morgan_Bit_376,0.0,0.0
Morgan_Bit_377,0.0,0.0
Morgan_Bit_820,0.0,0.0
Morgan_Bit_817,0.0,0.0
Morgan_Bit_382,0.0,0.0
Morgan_Bit_815,0.0,0.0
Morgan_Bit_387,0.0,0.0
Morgan_Bit_1095,0.0,0.0
Morgan_Bit_375,0.0,0.0
Morgan_Bit_825,0.0,0.0
Morgan_Bit_367,0.0,0.0
Morgan_Bit_388,0.0,0.0
Morgan_Bit_1125,0.0,0.0
Morgan_Bit_1127,0.0,0.0
Morgan_Bit_1130,0.0,0.0
Morgan_Bit_824,0.0,0.0
Morgan_Bit_1132,0.0,0.0
Morgan_Bit_1144,0.0,0.0
Morgan_Bit_1134,0.0,0.0
Morgan_Bit_1135,0.0,0.0
Morgan_Bit_1137,0.0,0.0
Morgan_Bit_1139,0.0,0.0
Morgan_Bit_1140,0.0,0.0
Morgan_Bit_1141,0.0,0.0
Morgan_Bit_1142,0.0,0.0
Morgan_Bit_1143,0.0,0.0
Morgan_Bit_822,0.0,0.0
Morgan_Bit_482,0.0,0.0
Morgan_Bit_948,0.0,0.0
Morgan_Bit_438,0.0,0.0
Morgan_Bit_439,0.0,0.0
Morgan_Bit_481,0.0,0.0
Morgan_Bit_443,0.0,0.0
Morgan_Bit_444,0.0,0.0
Morgan_Bit_854,0.0,0.0
Morgan_Bit_447,0.0,0.0
Morgan_Bit_449,0.0,0.0
Morgan_Bit_450,0.0,0.0
Morgan_Bit_468,0.0,0.0
Morgan_Bit_917,0.0,0.0
Morgan_Bit_918,0.0,0.0
Morgan_Bit_476,0.0,0.0
Morgan_Bit_922,0.0,0.0
Morgan_Bit_477,0.0,0.0
Morgan_Bit_952,0.0,0.0
Morgan_Bit_953,0.0,0.0
Morgan_Bit_954,0.0,0.0
Morgan_Bit_863,0.0,0.0
Morgan_Bit_862,0.0,0.0
Morgan_Bit_958,0.0,0.0
Morgan_Bit_959,0.0,0.0
Morgan_Bit_886,0.0,0.0
Morgan_Bit_946,0.0,0.0
Morgan_Bit_963,0.0,0.0
Morgan_Bit_965,0.0,0.0
Morgan_Bit_966,0.0,0.0
Morgan_Bit_968,0.0,0.0
Morgan_Bit_941,0.0,0.0
Morgan_Bit_484,0.0,0.0
Morgan_Bit_943,0.0,0.0
Morgan_Bit_483,0.0,0.0
Morgan_Bit_962,0.0,0.0
Morgan_Bit_880,0.0,0.0
Morgan_Bit_907,0.0,0.0
Morgan_Bit_906,0.0,0.0
Morgan_Bit_462,0.0,0.0
Morgan_Bit_463,0.0,0.0
Morgan_Bit_465,0.0,0.0
Morgan_Bit_905,0.0,0.0
Morgan_Bit_887,0.0,0.0
Morgan_Bit_923,0.0,0.0
Morgan_Bit_891,0.0,0.0
Morgan_Bit_893,0.0,0.0
Morgan_Bit_894,0.0,0.0
Morgan_Bit_895,0.0,0.0
Morgan_Bit_902,0.0,0.0
Morgan_Bit_898,0.0,0.0
Morgan_Bit_900,0.0,0.0
Morgan_Bit_901,0.0,0.0
Morgan_Bit_903,0.0,0.0
Morgan_Bit_924,0.0,0.0
Morgan_Bit_925,0.0,0.0
Morgan_Bit_927,0.0,0.0
Morgan_Bit_928,0.0,0.0
Morgan_Bit_475,0.0,0.0
Morgan_Bit_931,0.0,0.0
Morgan_Bit_471,0.0,0.0
Morgan_Bit_470,0.0,0.0
Morgan_Bit_455,0.0,0.0
Morgan_Bit_939,0.0,0.0
Morgan_Bit_884,0.0,0.0
Morgan_Bit_911,0.0,0.0
Morgan_Bit_883,0.0,0.0
Morgan_Bit_882,0.0,0.0
Morgan_Bit_916,0.0,0.0
Morgan_Bit_453,0.0,0.0
Morgan_Bit_454,0.0,0.0
Morgan_Bit_938,0.0,0.0
Morgan_Bit_846,0.0,0.0
Morgan_Bit_1037,0.0,0.0
Morgan_Bit_839,0.0,0.0
Morgan_Bit_1040,0.0,0.0
Morgan_Bit_434,0.0,0.0
Morgan_Bit_435,0.0,0.0
Morgan_Bit_436,0.0,0.0
Morgan_Bit_879,0.0,0.0
Morgan_Bit_951,0.0,0.0
Morgan_Bit_1000,0.0,0.0
Morgan_Bit_1001,0.0,0.0
Morgan_Bit_1003,0.0,0.0
Morgan_Bit_877,0.0,0.0
Morgan_Bit_1006,0.0,0.0
Morgan_Bit_1009,0.0,0.0
Morgan_Bit_1010,0.0,0.0
Morgan_Bit_1011,0.0,0.0
Morgan_Bit_999,0.0,0.0
Morgan_Bit_414,0.0,0.0
Morgan_Bit_416,0.0,0.0
Morgan_Bit_417,0.0,0.0
Morgan_Bit_418,0.0,0.0
Morgan_Bit_853,0.0,0.0
Morgan_Bit_420,0.0,0.0
Morgan_Bit_1016,0.0,0.0
Morgan_Bit_1018,0.0,0.0
Morgan_Bit_1032,0.0,0.0
Morgan_Bit_1021,0.0,0.0
Morgan_Bit_1022,0.0,0.0
Morgan_Bit_1023,0.0,0.0
Morgan_Bit_851,0.0,0.0
Morgan_Bit_1026,0.0,0.0
Morgan_Bit_850,0.0,0.0
Morgan_Bit_848,0.0,0.0
Morgan_Bit_1030,0.0,0.0
Morgan_Bit_852,0.0,0.0
Morgan_Bit_969,0.0,0.0
Morgan_Bit_869,0.0,0.0
Morgan_Bit_971,0.0,0.0
Morgan_Bit_972,0.0,0.0
Morgan_Bit_975,0.0,0.0
Morgan_Bit_976,0.0,0.0
Morgan_Bit_977,0.0,0.0
Morgan_Bit_979,0.0,0.0
Morgan_Bit_1012,0.0,0.0
Morgan_Bit_982,0.0,0.0
Morgan_Bit_867,0.0,0.0
Morgan_Bit_985,0.0,0.0
Morgan_Bit_986,0.0,0.0
Morgan_Bit_864,0.0,0.0
Morgan_Bit_988,0.0,0.0
Morgan_Bit_452,0.0,0.0
Morgan_Bit_949,0.0,0.0
Morgan_Bit_868,0.0,0.0
Morgan_Bit_876,0.0,0.0
Morgan_Bit_874,0.0,0.0
Morgan_Bit_989,0.0,0.0
Morgan_Bit_991,0.0,0.0
Morgan_Bit_992,0.0,0.0
Morgan_Bit_993,0.0,0.0
Morgan_Bit_994,0.0,0.0
Morgan_Bit_995,0.0,0.0
Morgan_Bit_433,0.0,0.0
Morgan_Bit_421,0.0,0.0
Morgan_Bit_423,0.0,0.0
Morgan_Bit_424,0.0,0.0
Morgan_Bit_426,0.0,0.0
Morgan_Bit_427,0.0,0.0
Morgan_Bit_872,0.0,0.0
Morgan_Bit_429,0.0,0.0
Morgan_Bit_871,0.0,0.0
Morgan_Bit_996,0.0,0.0
Morgan_Bit_528,0.0,0.0
Morgan_Bit_521,0.0,0.0
Morgan_Bit_520,0.0,0.0
Morgan_Bit_299,0.0,0.0
Morgan_Bit_300,0.0,0.0
Morgan_Bit_301,0.0,0.0
Morgan_Bit_519,0.0,0.0
Morgan_Bit_1187,0.0,0.0
Morgan_Bit_756,0.0,0.0
Morgan_Bit_307,0.0,0.0
Morgan_Bit_1354,0.0,0.0
Morgan_Bit_1355,0.0,0.0
Morgan_Bit_1356,0.0,0.0
Morgan_Bit_1358,0.0,0.0
Morgan_Bit_1360,0.0,0.0
Morgan_Bit_1361,0.0,0.0
Morgan_Bit_518,0.0,0.0
Morgan_Bit_1386,0.0,0.0
Morgan_Bit_1387,0.0,0.0
Morgan_Bit_1388,0.0,0.0
Morgan_Bit_530,0.0,0.0
Morgan_Bit_1390,0.0,0.0
Morgan_Bit_1392,0.0,0.0
Morgan_Bit_1393,0.0,0.0
Morgan_Bit_1394,0.0,0.0
Morgan_Bit_1380,0.0,0.0
Morgan_Bit_1396,0.0,0.0
Morgan_Bit_1397,0.0,0.0
Morgan_Bit_1398,0.0,0.0
Morgan_Bit_529,0.0,0.0
Morgan_Bit_1375,0.0,0.0
Morgan_Bit_1376,0.0,0.0
Morgan_Bit_1377,0.0,0.0
Morgan_Bit_1378,0.0,0.0
Morgan_Bit_1395,0.0,0.0
Morgan_Bit_1345,0.0,0.0
Morgan_Bit_1346,0.0,0.0
Morgan_Bit_778,0.0,0.0
Morgan_Bit_777,0.0,0.0
Morgan_Bit_1350,0.0,0.0
Morgan_Bit_1351,0.0,0.0
Morgan_Bit_1317,0.0,0.0
Morgan_Bit_776,0.0,0.0
Morgan_Bit_1363,0.0,0.0
Morgan_Bit_1320,0.0,0.0
Morgan_Bit_1321,0.0,0.0
Morgan_Bit_773,0.0,0.0
Morgan_Bit_1323,0.0,0.0
Morgan_Bit_1324,0.0,0.0
Morgan_Bit_1326,0.0,0.0
Morgan_Bit_1327,0.0,0.0
Morgan_Bit_771,0.0,0.0
Morgan_Bit_1319,0.0,0.0
Morgan_Bit_1364,0.0,0.0
Morgan_Bit_780,0.0,0.0
Morgan_Bit_1368,0.0,0.0
Morgan_Bit_1369,0.0,0.0
Morgan_Bit_1370,0.0,0.0
Morgan_Bit_1371,0.0,0.0
Morgan_Bit_1372,0.0,0.0
Morgan_Bit_1373,0.0,0.0
Morgan_Bit_1344,0.0,0.0
Morgan_Bit_1336,0.0,0.0
Morgan_Bit_1337,0.0,0.0
Morgan_Bit_1338,0.0,0.0
Morgan_Bit_1339,0.0,0.0
Morgan_Bit_1340,0.0,0.0
Morgan_Bit_1341,0.0,0.0
Morgan_Bit_1342,0.0,0.0
Morgan_Bit_779,0.0,0.0
Morgan_Bit_1335,0.0,0.0
Morgan_Bit_1461,0.0,0.0
Morgan_Bit_1462,0.0,0.0
Morgan_Bit_1432,0.0,0.0
Morgan_Bit_1433,0.0,0.0
Morgan_Bit_1434,0.0,0.0
Morgan_Bit_1435,0.0,0.0
Morgan_Bit_1436,0.0,0.0
Morgan_Bit_1437,0.0,0.0
Morgan_Bit_757,0.0,0.0
Morgan_Bit_740,0.0,0.0
Morgan_Bit_1441,0.0,0.0
Morgan_Bit_1442,0.0,0.0
Morgan_Bit_1444,0.0,0.0
Morgan_Bit_739,0.0,0.0
Morgan_Bit_264,0.0,0.0
Morgan_Bit_266,0.0,0.0
Morgan_Bit_267,0.0,0.0
Morgan_Bit_1438,0.0,0.0
Morgan_Bit_1478,0.0,0.0
Morgan_Bit_1479,0.0,0.0
Morgan_Bit_746,0.0,0.0
Morgan_Bit_1485,0.0,0.0
Morgan_Bit_269,0.0,0.0
Morgan_Bit_271,0.0,0.0
Morgan_Bit_272,0.0,0.0
Morgan_Bit_273,0.0,0.0
Morgan_Bit_1460,0.0,0.0
Morgan_Bit_1447,0.0,0.0
Morgan_Bit_1448,0.0,0.0
Morgan_Bit_744,0.0,0.0
Morgan_Bit_1451,0.0,0.0
Morgan_Bit_1454,0.0,0.0
Morgan_Bit_743,0.0,0.0
Morgan_Bit_741,0.0,0.0
Morgan_Bit_1458,0.0,0.0
Morgan_Bit_274,0.0,0.0
Morgan_Bit_1402,0.0,0.0
Morgan_Bit_1403,0.0,0.0
Morgan_Bit_735,0.0,0.0
Morgan_Bit_1406,0.0,0.0
Morgan_Bit_1407,0.0,0.0
Morgan_Bit_1408,0.0,0.0
Morgan_Bit_1411,0.0,0.0
Morgan_Bit_1412,0.0,0.0
Morgan_Bit_268,0.0,0.0
Morgan_Bit_279,0.0,0.0
Morgan_Bit_280,0.0,0.0
Morgan_Bit_282,0.0,0.0
Morgan_Bit_284,0.0,0.0
Morgan_Bit_733,0.0,0.0
Morgan_Bit_1381,0.0,0.0
Morgan_Bit_1383,0.0,0.0
Morgan_Bit_731,0.0,0.0
Morgan_Bit_734,0.0,0.0
Morgan_Bit_738,0.0,0.0
Morgan_Bit_290,0.0,0.0
Morgan_Bit_292,0.0,0.0
Morgan_Bit_1413,0.0,0.0
Morgan_Bit_1414,0.0,0.0
Morgan_Bit_1419,0.0,0.0
Morgan_Bit_1420,0.0,0.0
Morgan_Bit_1421,0.0,0.0
Morgan_Bit_1401,0.0,0.0
Morgan_Bit_1423,0.0,0.0
Morgan_Bit_1424,0.0,0.0
Morgan_Bit_1425,0.0,0.0
Morgan_Bit_1427,0.0,0.0
Morgan_Bit_1428,0.0,0.0
Morgan_Bit_1429,0.0,0.0
Morgan_Bit_1431,0.0,0.0
Morgan_Bit_1400,0.0,0.0
Morgan_Bit_1422,0.0,0.0
Morgan_Bit_1229,0.0,0.0
Morgan_Bit_1230,0.0,0.0
Morgan_Bit_1231,0.0,0.0
Morgan_Bit_1233,0.0,0.0
Morgan_Bit_501,0.0,0.0
Morgan_Bit_1237,0.0,0.0
Morgan_Bit_788,0.0,0.0
Morgan_Bit_1330,0.0,0.0
Morgan_Bit_1242,0.0,0.0
Morgan_Bit_783,0.0,0.0
Morgan_Bit_1214,0.0,0.0
Morgan_Bit_1215,0.0,0.0
Morgan_Bit_1216,0.0,0.0
Morgan_Bit_1217,0.0,0.0
Morgan_Bit_1219,0.0,0.0
Morgan_Bit_341,0.0,0.0
Morgan_Bit_1240,0.0,0.0
Morgan_Bit_1249,0.0,0.0
Morgan_Bit_1250,0.0,0.0
Morgan_Bit_1251,0.0,0.0
Morgan_Bit_1253,0.0,0.0
Morgan_Bit_1254,0.0,0.0
Morgan_Bit_1255,0.0,0.0
Morgan_Bit_1256,0.0,0.0
Morgan_Bit_506,0.0,0.0
Morgan_Bit_1228,0.0,0.0
Morgan_Bit_505,0.0,0.0
Morgan_Bit_1261,0.0,0.0
Morgan_Bit_1262,0.0,0.0
Morgan_Bit_1222,0.0,0.0
Morgan_Bit_1223,0.0,0.0
Morgan_Bit_1225,0.0,0.0
Morgan_Bit_1226,0.0,0.0
Morgan_Bit_1227,0.0,0.0
Morgan_Bit_1258,0.0,0.0
Morgan_Bit_1206,0.0,0.0
Morgan_Bit_1207,0.0,0.0
Morgan_Bit_796,0.0,0.0
Morgan_Bit_1209,0.0,0.0
Morgan_Bit_1210,0.0,0.0
Morgan_Bit_1211,0.0,0.0
Morgan_Bit_1213,0.0,0.0
Morgan_Bit_1175,0.0,0.0
Morgan_Bit_808,0.0,0.0
Morgan_Bit_1177,0.0,0.0
Morgan_Bit_1178,0.0,0.0
Morgan_Bit_1179,0.0,0.0
Morgan_Bit_1180,0.0,0.0
Morgan_Bit_1182,0.0,0.0
Morgan_Bit_1184,0.0,0.0
Morgan_Bit_1185,0.0,0.0
Morgan_Bit_1186,0.0,0.0
Morgan_Bit_1176,0.0,0.0
Morgan_Bit_805,0.0,0.0
Morgan_Bit_804,0.0,0.0
Morgan_Bit_346,0.0,0.0
Morgan_Bit_347,0.0,0.0
Morgan_Bit_801,0.0,0.0
Morgan_Bit_800,0.0,0.0
Morgan_Bit_353,0.0,0.0
Morgan_Bit_355,0.0,0.0
Morgan_Bit_1205,0.0,0.0
Morgan_Bit_1193,0.0,0.0
Morgan_Bit_1194,0.0,0.0
Morgan_Bit_1196,0.0,0.0
Morgan_Bit_1197,0.0,0.0
Morgan_Bit_1198,0.0,0.0
Morgan_Bit_1200,0.0,0.0
Morgan_Bit_1202,0.0,0.0
Morgan_Bit_1204,0.0,0.0
Morgan_Bit_799,0.0,0.0
Morgan_Bit_323,0.0,0.0
Morgan_Bit_324,0.0,0.0
Morgan_Bit_1288,0.0,0.0
Morgan_Bit_1289,0.0,0.0
Morgan_Bit_1291,0.0,0.0
Morgan_Bit_762,0.0,0.0
Morgan_Bit_1293,0.0,0.0
Morgan_Bit_1294,0.0,0.0
Morgan_Bit_1248,0.0,0.0
Morgan_Bit_1296,0.0,0.0
Morgan_Bit_1297,0.0,0.0
Morgan_Bit_1298,0.0,0.0
Morgan_Bit_1299,0.0,0.0
Morgan_Bit_758,0.0,0.0
Morgan_Bit_1301,0.0,0.0
Morgan_Bit_1303,0.0,0.0
Morgan_Bit_1305,0.0,0.0
Morgan_Bit_1295,0.0,0.0
Morgan_Bit_1331,0.0,0.0
Morgan_Bit_1332,0.0,0.0
Morgan_Bit_1333,0.0,0.0
Morgan_Bit_1334,0.0,0.0
Morgan_Bit_1307,0.0,0.0
Morgan_Bit_1310,0.0,0.0
Morgan_Bit_1311,0.0,0.0
Morgan_Bit_768,0.0,0.0
Morgan_Bit_321,0.0,0.0
Morgan_Bit_1316,0.0,0.0
Morgan_Bit_765,0.0,0.0
Morgan_Bit_312,0.0,0.0
Morgan_Bit_764,0.0,0.0
Morgan_Bit_763,0.0,0.0
Morgan_Bit_317,0.0,0.0
Morgan_Bit_318,0.0,0.0
Morgan_Bit_320,0.0,0.0
Morgan_Bit_1315,0.0,0.0
Morgan_Bit_1266,0.0,0.0
Morgan_Bit_1267,0.0,0.0
Morgan_Bit_513,0.0,0.0
Morgan_Bit_325,0.0,0.0
Morgan_Bit_326,0.0,0.0
Morgan_Bit_512,0.0,0.0
Morgan_Bit_510,0.0,0.0
Morgan_Bit_331,0.0,0.0
Morgan_Bit_1306,0.0,0.0
Morgan_Bit_334,0.0,0.0
Morgan_Bit_335,0.0,0.0
Morgan_Bit_336,0.0,0.0
Morgan_Bit_508,0.0,0.0
Morgan_Bit_507,0.0,0.0
Morgan_Bit_1244,0.0,0.0
Morgan_Bit_1246,0.0,0.0
Morgan_Bit_1247,0.0,0.0
Morgan_Bit_509,0.0,0.0
Morgan_Bit_340,0.0,0.0
Morgan_Bit_1270,0.0,0.0
Morgan_Bit_1271,0.0,0.0
Morgan_Bit_1272,0.0,0.0
Morgan_Bit_1273,0.0,0.0
Morgan_Bit_1275,0.0,0.0
Morgan_Bit_1277,0.0,0.0
Morgan_Bit_1278,0.0,0.0
Morgan_Bit_1265,0.0,0.0
Morgan_Bit_1280,0.0,0.0
Morgan_Bit_1281,0.0,0.0
Morgan_Bit_1283,0.0,0.0
Morgan_Bit_1284,0.0,0.0
Morgan_Bit_1285,0.0,0.0
Morgan_Bit_1286,0.0,0.0
Morgan_Bit_1287,0.0,0.0
Morgan_Bit_1263,0.0,0.0
Morgan_Bit_1279,0.0,0.0
